eth,0x1681195c176239ac5e72d9aebacf5b2492e0c4ee,0.3.7,0
eth,0xa920de414ea4ab66b97da1bfe9e6eca7d4219635,0.3.7,0
eth,0x421efd53fa0d90687db5ef370d5dcd7f89cbd9de,0.3.7,0
eth,0x6b2a52286babba5755bd1eb534b68e09dac7db2b,0.3.7,0
eth,0x35793cc725a97a761f3418ff6fa11c70255969b7,0.3.7,0
eth,0xadc4e7c8dfa2b3a00fed716e871e0d3bb9a6446e,0.3.7,0
eth,0xbfab6fa95e0091ed66058ad493189d2cb29385e6,0.3.7,545197217520855310012
eth,0xfc2838a17d8e8b1d5456e0a351b0708a09211147,0.3.7,0
eth,0xae34574ac03a15cd58a92dc79de7b1a0800f1ce3,0.3.7,0
eth,0xfb860600f1be1f1c72a89b2ef5caf345aff7d39d,0.3.7,0
eth,0x63b709d2118ba0389ee75a131d1f9a473e06afbd,0.3.7,0
eth,0x31b4e7a17ac5d2c346324c3baea72c9deca293ca,0.3.7,0
eth,0x4bfa7046c0d4ef0766e6702cf7d43733e0594092,0.3.7,0
eth,0xdbed1e3887bd0f7e352669ce86c96e5808c4bce3,0.3.7,0
eth,0x436587f4cbf8350675cb5e7b2467edc5777678b7,0.3.7,0
eth,0x2cbddc8f170f3d9997f76a48ed6c44aeefe8b35e,0.3.7,0
eth,0x727381ed75237af01b7cf564d766acc0c7f6fa38,0.3.7,0
eth,0x81135e94765be142bebad39ae3f3dbe8d052f9db,0.3.7,0
eth,0xaa044115e1927d0d2e9a223d1c0d9365a560a1c5,0.3.7,0
eth,0xb556fa4c4752321b3154f08dfbdfcf34847f2eac,0.3.7,0
eth,0x293436d4e4a15fbc6ccc400c14a01735e5fc74fd,0.3.7,0
eth,0xd3e576b5dcde3580420a5ef78f3639ba9cd1b967,0.3.7,0
eth,0xa2518b71ee64e910741f5cf480b19e8e402de4d7,0.3.7,0
eth,0x221d1ff831d8820106efb2b811d9bb47c715db7e,0.3.7,0
eth,0xc098f76c7e183e9916be6ffef39355b3f18fdf23,0.3.7,0
eth,0xc5c3a1f095ac7cca8c832fcae526b3487e343ac2,0.3.7,0
eth,0xe0438eb3703bf871e31ce639bd351109c88666ea,0.3.7,0
eth,0x4e59541306910ad6dc1dac0ac9dfb29bd9f15c67,0.3.7,0
eth,0x681a8528b7e967867354c2406dcf7f5ec2f7c5a1,0.3.7,0
eth,0xbe83fd842db4937c0c3d15b2aba6af7e854f8dcb,0.3.7,0
eth,0x142d786401f869a35d3d82ae2d8a548aa21f8196,0.3.7,0
eth,0x0fe38dcc905ec14f6099a83ac5c93bf2601300cf,0.3.7,0
eth,0x4b40af3a92a93a3071796b0380d3dd2f1664d644,0.3.7,0
eth,0x939d13488a672fcd4637b518a56ce2075c40de47,0.3.7,0
eth,0x70405a2e02f6f8c868c457441f5a228414690f16,0.3.7,0
eth,0xa7ba9b3a543a1af8b8b3d9d7b7f35322cce47664,0.3.7,0
eth,0x08cddfd6f0ebda98b6ad5043079170b5b1f45d19,0.3.7,0
eth,0xaa2ee2179715129b00c53625e2da8ca5ba0d9c98,0.3.7,0
eth,0x9a32af1a11d9c937aea61a3790c2983257ea8bc0,0.3.7,0
eth,0xe1c26e5c2e36948646c0512ca369f24d238f84f7,0.3.7,0
eth,0x79ba346ce5a2aeb679e901fdf65939638f62395a,0.3.7,0
eth,0x66e9b35be6c529a68622531bbc169733f73b8eca,0.3.7,0
eth,0xd977aefbeb2df7adde84cceb95f2e0bf47c8081e,0.3.7,0
eth,0x9b326bc227e00d1e6d3e94e668eea6d2349b8b31,0.3.7,0
eth,0x848dbc3089019d98f8002c22b53690c0d357efa0,0.3.7,0
eth,0xb6ea7af153659c4c9f1b9c2c52b2ce0f407d0326,0.3.7,0
eth,0x7134689d46997b67ab637d970406cb5d97b01904,0.3.7,0
eth,0xe3c959bc97b92973d5367dbf4ce1b7b9660ee271,0.3.7,0
eth,0x6474ab1b56b47bc26ba8cb471d566b8cc528f308,0.3.7,0
eth,0xce511746d184247351ac0b9d84d47461873804aa,0.3.7,0
eth,0xd58dfd5b39fce87dd9c434e95428ddb289934179,0.3.7,0
eth,0x5552b631e2ad801faa129aacf4b701071cc9d1f7,0.3.7,0
eth,0xe127ce638293fa123be79c25782a5652581db234,0.3.7,0
eth,0x847ee1227a9900b73aeeb3a47fac92c52fd54ed9,0.3.7,0
eth,0x50996c7e748b1b83130b4854945d86ba6fc81f06,0.3.7,0
eth,0x53cc3e49418380e835fc8cacd5932482c586efea,0.3.7,0
eth,0x029ab98d085a1ce56513424c4e08517f4c69c075,0.3.7,0
eth,0x731024b4068032925a4e620e8f19a82e0beef0dc,0.3.7,0
eth,0x8fb3ec8f2d1dc089e70cd61f1e49496d443b2124,0.3.7,0
eth,0x8e1e5001c7b8920196c7e3edf2bcf47b2b6153ff,0.3.7,0
eth,0xf1fe5386230a99da09cb98c40945b665c9be7c6c,0.3.7,0
eth,0x44a9bd8c8ba1bc824d2fb409752899081ff03e94,0.3.7,0
eth,0x6c82877cac5a7a739f16ca0a89c0a328b8764a24,0.3.7,0
eth,0x150de3eca5b52db7bd80a6b094f73923d8d6fe0a,0.3.7,0
eth,0xc5e5ca79d59c25a5f41e2aea4251f1c48419c2ab,0.3.7,300000000000000000
eth,0xe384f1db840ddfac78ddd25e5fdb89a9a2411a72,0.3.7,0
eth,0x5f73281a9452ff37024a784ed257d10ef7d41960,0.3.7,16800000000000000
eth,0xd3a9f9ec4a4dec129e74858704316ae4911240e3,0.3.7,0
eth,0x14139eb676342b6bc8e41e0d419969f23a49881e,0.3.7,0
eth,0xe206656cd31d971b0ec6d2bf5d17d59e784cc310,0.3.7,0
eth,0xb7c8c74ed765267b54f4c327f279d7e850725ef2,0.3.7,0
eth,0xf939e0a03fb07f59a73314e73794be0e57ac1b4e,0.3.7,0
eth,0xc9332fdcb1c491dcc683bae86fe3cb70360738bc,0.3.7,0
eth,0x855cc906da8271dd53879929bd226711247d5f17,0.3.7,0
eth,0x538e984c2d5f821d51932dd9c570dff192d3df2d,0.3.7,0
eth,0x95ecdc6caaf7e4805fcef2679a92338351d24297,0.3.7,0
eth,0x818709b85052ddc521fae9c78737b27316337e3a,0.3.7,0
eth,0xc7bab672806932fcaf918b4318796b02b0832856,0.3.7,0
eth,0xbc4d0f452b347cf25ee84509ed99bd478ac96b5d,0.3.7,0
eth,0xe55be4c8f2d3c11536f61c8977dac4ad58446059,0.3.7,0
eth,0xe96a9bdb549f4cc4ee8deb7085bd6ffe4b273b1b,0.3.7,0
eth,0x15282d93b1f2c92a034936f6f56a55c0d423e8d4,0.3.7,0
eth,0x4316416f429b04fb12df8952fa1434e6b9d77c3f,0.3.7,0
eth,0x4c1d4ad2fa2ba5510acbb0f428ec861e1f7ea3a4,0.3.7,0
eth,0xccebbf77c3eeb298113392363e0c9863b37111b2,0.3.7,0
eth,0x3910dce33441360e4c1d2749afa08e1a59af2546,0.3.7,0
eth,0x13560198cc76c1d402b4f30bb0c7cd74757e21f1,0.3.7,0
eth,0x73b20d8111db999700cc12a08b15fd013eba7e0d,0.3.7,0
eth,0xc5e749b53935592f1bef688440e1253c47b5213a,0.3.7,0
eth,0x43774b6ac78364acd90257e8a1adc4f89e61a46e,0.3.7,0
eth,0x0ea8d715da3b5c79212072a1a5f5aa34daef95a5,0.3.7,0
eth,0xe5f2db6e04d63b9d9b9f34003beb0fb46996f834,0.3.7,0
eth,0x7eec3e2f4d567794b927b6d904fbf973bc8d15e6,0.3.7,0
eth,0x13e2c4b595089bc4a1ae979f0565c4cf8d84ca91,0.3.7,0
eth,0x348988740a353cf7c53a549b22f5e3c3fc0f98da,0.3.7,0
eth,0xe26e4406d2bcd1c60b66f93365b72ed274931f15,0.3.7,0
eth,0x98b06acdab1b181fa23e39d8b3f0675d73e65e12,0.3.7,0
eth,0x66025328d4f2c66d87ab27da297e5979f595c79c,0.3.7,0
eth,0x3139bf97b6376386b8cd1c5919554f055fa2a2ae,0.3.7,0
eth,0x01bb983a4ac1790dda8514166ba46454139ccc39,0.3.7,0
eth,0x58fa8b5c1989bb56809284005a59ec9f66113493,0.3.7,0
eth,0x47a37ea6b691eb76aaf771d5bdbba2ca68add173,0.3.7,25989545922662016000
eth,0x1713141278648a4edd5b027fdbd448bb4a13ac0f,0.3.7,0
eth,0x95cf4ee50f268391bf025280d527bc9a5bba27ac,0.3.7,15074512007022
eth,0xd39a811be0aefbbd0238dff3c886d89797e2ce66,0.3.7,0
eth,0x1ad5cb2955940f998081c1ef5f5f00875431aa90,0.3.7,0
eth,0x67fe41a94e779ccfa22cff02cc2957dc9c0e4286,0.3.7,0
eth,0xe5afcf332a5457e8fafcd668bce3df953762dfe7,0.3.7,0
eth,0xaa346781ddd7009caa644a4980f044c50cd2ae22,0.3.7,0
eth,0xe7cd2b4eb1d98cd6a4a48b6071d46401ac7dc5c8,0.3.7,0
eth,0x6b765d07cf966c745b340adca67749fe75b5c345,0.3.7,0
eth,0x1ef89ed0edd93d1ec09e4c07373f69c49f4dccae,0.3.7,0
eth,0xc684432fd6322c6d58b6bc5d28b18569aa0ad0a1,0.3.7,0
eth,0x19f5b81e5325f882c9853b5585f74f751de3896d,0.3.7,0
eth,0x136e783846ef68c8bd00a3369f787df8d683a696,0.3.7,0
eth,0x8472a9a7632b173c8cf3a86d3afec50c35548e76,0.3.7,0
eth,0xc9607c3c160866905acc460d3d9afe78414e655b,0.3.7,0
eth,0x716ba1bd29603d393b0ff21f87df586a2fb6c44c,0.3.7,0
eth,0x2d370111f8ffcf5bff0f56ba43c62c2ad98be7a3,0.3.7,0
eth,0x7af331398dc340bf327904077eb68f27f75a9693,0.3.7,0
eth,0xb311acd3eba1acfa29957cad50746738d52070dc,0.3.7,0
eth,0xd74d518c7cda386eed0ce93df709093032ec8bcb,0.3.7,0
eth,0x3d63f6d120d723cd0c76574c21a798db456a6d4c,0.3.7,0
eth,0xe6c79bb163c90fbe4b5263572c88b1f576c5189c,0.3.7,0
eth,0xa5df70a7b426f077e24b6365237fc9ccfde5ea10,0.3.7,0
eth,0x5bb5f52d11aba5d08d6cf715b64142e91cac8c7b,0.3.7,0
eth,0x5d924640ae62d2f69733ad6bd76f5fd3d99b8d8d,0.3.7,0
eth,0x033870261728bd0fd1a35649491f0b7842d5a82c,0.3.7,0
eth,0x8d0f9c9fa4c1b265cd5032fe6ba4fefc9d94badb,0.3.7,0
eth,0x9c27e6ecabb992f266a64c2d1a76ed5031e381eb,0.3.7,0
eth,0x14433c7bd44803664db9decd7f10e192003e5d0d,0.3.7,0
eth,0x1f88e85ffd826081d59f295a7335cf7de92a7c41,0.3.7,0
eth,0x5f5a2d4f1875b77a3e8a0f1e13b3e895992076a8,0.3.7,0
eth,0xae14b769eac8ddb3caa79bd3d7c21d2986327bce,0.3.7,0
eth,0xf71040d20cc3ffbb28c1abcef46134c7936624e0,0.3.7,0
eth,0xff051db87adfb0be398016ee5c68280ad49f1fd8,0.3.7,0
eth,0x01c6808eb242c826d32f03712d66d5e613782363,0.3.7,0
eth,0xaee70429bdfbf599a979f50d5fde5eb0d317e0f7,0.3.7,0
eth,0xcb70bbaec89b577617f835e7a2e126da9e5acf21,0.3.7,0
eth,0xb8a3f8e783d52cfb9e632276714234661db698e6,0.3.7,0
eth,0x8aeb58603efb7a9f63712a2506df01b685ba1c4c,0.3.7,0
eth,0x89ac9a0b48fc66875de710ab7ee53027970064dc,0.3.7,0
eth,0xe38daa41be7ca22f724b9cf6d13cd920bf18a3d2,0.3.7,0
eth,0x97f60ffc47fafbcba3ea364bff2abcbabf85c849,0.3.7,0
eth,0x99f8dc2eac0940e609a8dcb9fc905f0158af2288,0.3.7,0
eth,0x77fcfb78151c676f390a6236a78b5d3152e43384,0.3.7,0
eth,0xcdedbd0ad036c046edb19576ee65ea96b26075b1,0.3.7,0
eth,0x2072593bdb4ff6970234b8ff725b8f8dc92e01ad,0.3.7,0
eth,0x78ed41868d54374897cb32b1bda33cb3770cecd2,0.3.7,0
eth,0xf17d23136b4fead139f54fb766c8795faae09660,0.3.7,0
eth,0x901c8aa6a61f74ac95e7f397e22a0ac7c1242218,0.3.7,0
eth,0x536fe6a7fb8cac9ac3fda4374eabd8833efbb42a,0.3.7,0
eth,0x80674a0207c83fe7570701d8cd133337564322a3,0.3.7,0
eth,0xb7b0ff38e0a01d798b5cd395bba6ddb56a323830,0.3.7,49713981610590880
eth,0xae917125d629dc0abf8702793d1e911728de0455,0.3.7,0
eth,0x668d88dd559978f112de3dbe4789f134289131be,0.3.7,0
eth,0x1b0b9991df27a4f2847478127d51fb29883882f5,0.3.7,0
eth,0xeee2f0c81c721b48636fc6955e41214e313f16d7,0.3.7,600000000000000
eth,0x14e11c1b8f04a7de306a7b5bf21bbca0d5cf79ff,0.3.7,0
eth,0xf9b62b61d108232ef0c9dd143bb3c22c7d4a715a,0.3.7,0
eth,0xb172ac2fe440b5da74dc460e5e9d96bc2bf6261f,0.3.7,0
eth,0x6b6003d4bc320ed25e8e2be49600ec1006676239,0.3.7,0
eth,0x809d7ac004a8e196c5440457a140eca4840b8424,0.3.7,0
eth,0xa1f8a6807c402e4a15ef4eba36528a3fed24e577,0.3.7,15036727122914172623894
eth,0x42027f0f43ca0311fb2e2f5a82c027a5925f2390,0.3.7,0
eth,0x48afa99cd4166d89718cba46db7e1eeb99535b46,0.3.7,0
eth,0xf9783c52c250b4bdbe2f4b0bc5a9a424569e5794,0.3.7,0
eth,0xe3b3fe7bca19ca77ad877a5bebab186becfad906,0.3.7,0
eth,0x90c1f9220d90d3966fbee24045edd73e1d588ad5,0.3.7,0
eth,0xb287a1964aee422911c7b8409f5e5a273c1412fa,0.3.7,0
eth,0x1f7e55f2e907ddce8074b916f94f62c7e8a18571,0.3.7,0
eth,0x18672b1b0c623a30089a280ed9256379fb0e4e62,0.3.7,0
eth,0x5aa00dce91409b58b6a1338639b9daa63eb22be7,0.3.7,0
eth,0x30a2f3c3aa6d12c0a36bed210dcf1b32ef6228cc,0.3.7,0
eth,0xd0e6bc02657451fe16cddd7cab8cd55e39d25d2f,0.3.7,0
eth,0x41d5d78049d44444ac6d5e1ec67990f24efacd58,0.3.7,0
eth,0xa402f9e5015be2de7aed695e47f2729246cc9434,0.3.7,0
eth,0xdd05247d34d85bcc145c74e2f1d070352fef83f9,0.3.7,0
eth,0x89ea1e4232680a66470a725ffd399082a375d1ed,0.3.7,0
eth,0xf5e9eb18b3ecdfda07ea55133f427d47add6884f,0.3.7,0
eth,0x368440b3121f32df336d393834eafd8fa787c4ec,0.3.7,0
eth,0x70a1151e0bb32484e25c107e3a69886a8361482e,0.3.7,0
eth,0xc95bd7460ece4007973458d1c0f8ccc46c1880df,0.3.7,0
eth,0x8111d2670f187c6d292aab65dd23e9147f216b4a,0.3.7,0
eth,0x00bf1e78ec8668680ad2c5e2ab7eaa28c0b713fd,0.3.7,0
eth,0x072c93f12dc274300c79e92eb61a0fecfa8e8918,0.3.7,0
eth,0x20e94e0253aa6fb9cfe55f35a33045a4e4ac47e5,0.3.7,0
eth,0x65ee717ad206a4d14bf5fbaee9a9dd9c53209228,0.3.7,0
eth,0x779c0f59ede9707e17e9682b819d8d4ec2d9901d,0.3.7,0
eth,0xc629a01ec23ab04e1050500a3717a2a5c0701497,0.3.7,0
eth,0x94b4dfd9ba5865cc931195c99a2db42f3fc5d45b,0.3.7,0
eth,0x742c3cf9af45f91b109a81efeaf11535ecde9571,0.3.7,0
eth,0x9d49f193d9d8b5e15dee6bdcc8addd2ba7eb27c2,0.3.7,0
eth,0x1bed97cbc3c24a4fb5c069c6e311a967386131f7,0.3.7,0
eth,0x9e8a6b98e9f4827aeba2d9128ca14e2f4c8384d0,0.3.7,0
eth,0x1a8ebb2a365ffab026e0df431eab5a5e6e79bad1,0.3.7,0
eth,0x216ce6e49e2e713e41383ba4c5d84a0d36189640,0.3.7,0
eth,0xd1736ebbdefae37503f3ed8d718b61a494f24c1d,0.3.7,0
eth,0x929401e30aab6bd648def2d30ff44952bab04478,0.3.7,0
eth,0x0c80cf2bf3e9f7307c8321f272315762a7b74098,0.3.7,0
eth,0x35416c737fe972ec0bb9fb18a0ddd4a24a9990de,0.3.7,0
eth,0xbac8459641f765b26e8984f29082629359f084c8,0.3.7,0
eth,0x480af6d9abe851e2fc4162b2b93fff8cf84ddee7,0.3.7,0
eth,0x1f18188cf19cc28172e54dc6f580229b2e255015,0.3.7,0
eth,0xe46bfe6f559041cc1323db3503a09c49fb5d8828,0.3.7,32000000000000000000
eth,0xd44dcd6975b8d7ce048b8cfca930982266432a88,0.3.7,0
eth,0x71c54ad9f410ed85e81e38af9efc08bac3968665,0.3.7,0
eth,0xed26022388281e12ff7706f82382aeab4da2695a,0.3.7,0
eth,0xa6a0103f8f185786143f3efe3ddf268d8e070813,0.3.7,0
eth,0x8e5cbc6f470d064063341acef7c45172a3eef766,0.3.7,0
eth,0x41b994c192183793bb9cc35baab8bd9c6885c6bf,0.3.7,2101831518736491486602
eth,0xeca356e88dac0e4fd97076bca0f20f83adaaf912,0.3.7,0
eth,0xe4666f0937b62d64c10316db0b7061549f87e95f,0.3.7,0
eth,0x0c762a5cf063d55ef5b661f8f8c96f6c67f76807,0.3.7,0
eth,0x65406c59b9d665da8021b7290c648e87af818b32,0.3.7,0
eth,0xcf61ee62b136e3553fb545bd8fec11fb7f830d6a,0.3.7,0
eth,0x27a2fc2d47c5063a551c8fe81f580b84ab78ac52,0.3.7,0
eth,0xae9de8a3e62e8e2f1e3800d142d23527680a5179,0.3.7,0
eth,0xb8687d7dc9d8fa32fabde63e19b2dbc9bb8b2138,0.3.7,0
eth,0xbb3fda661149f6e45d829d5dd54a1608577c5fa1,0.3.7,0
eth,0x21f5f6d3f90d0f56a6de307a3bd359d0a151b304,0.3.7,0
eth,0x9e291bfbb158ffaaf1c3a8ccd694be0d49d6aada,0.3.7,0
eth,0x2c9e3ecab07e90b0df1bb6712bd1cf71faf0ac3f,0.3.7,0
eth,0x98e86ed5b0e48734430bfbe92101156c75418cad,0.3.7,0
eth,0xef1385d2b5dc6d14d5fecb86d53cdbefeca20fcc,0.3.7,0
eth,0xfa3e2db8eb6c646e0d24046c1a185934d41a8f7a,0.3.7,0
eth,0x69aafff1218ba086ac782f98cb8399d1226e2af3,0.3.7,0
eth,0xb9f861b7755ff09cfd65cfe262d19823607b1f24,0.3.7,0
eth,0x832f436ad2813c76aae756703cacb5c1028d11da,0.3.7,0
eth,0x0b81cff64efc89fcdbe7da78054232daa89d73ec,0.3.7,0
eth,0x50f35f4fd499898801282a415f4c3a689663719f,0.3.7,0
eth,0x60b1b1f20373005030095fbe7cde032625fc96c2,0.3.7,0
eth,0xfc780e0e273098e6efdad6f30caa48ffc659cd6d,0.3.7,0
eth,0x649e0b707a90f1d73b27f83358c4d9bcc91fd622,0.3.7,0
eth,0x9c2186cabc49782632efd00ba28bdb92086470a7,0.3.7,0
eth,0x803f3d9cd755ea914b9a1a06ba5adf39055a42df,0.3.7,0
eth,0x60c7da1d9bb55219897af4a19271bf80655ab2bf,0.3.7,0
eth,0x81373aad854e31e6da610b2fa5260c6c60db8dbc,0.3.7,0
eth,0xec9189c95beb2e7f735e439e858a70b3bb8a6aa6,0.3.7,0
eth,0xc0b338da0fdd43dc48539837594cf6363795feea,0.3.7,0
eth,0x484fd04c598a095360df89bf85ab34c37127aa39,0.3.7,0
eth,0xcfda8ab0ae5f4fa33506f9c51650b890e4871cc1,0.3.7,0
eth,0xda1df6442afd2ec36abea91029794b9b2156add0,0.3.7,0
eth,0x454a3b647c7e9f4270175285c978dfb9d1f7af15,0.3.7,0
eth,0x9d08a1acfad6a7b81760d27dd328b6a6c22af512,0.3.7,600000000000000
eth,0xa5ea010a46eae77bd20eee754f6d15320358dfd8,0.3.7,0
eth,0x01d7f32b6e463c96c00575fa97b8224326c6a6b9,0.3.7,0
eth,0xe623dbba7e8fe47fdeddae83c6759bdbfeccffea,0.3.7,0
eth,0x1e7d3bf98d3f8d8ce193236c3e0ec4b00e32daae,0.3.7,0
eth,0xc1793a29609ffff81f10139fa0a7a444c9e106ad,0.3.7,0
eth,0x07374b547cae235227635c13266c69847a3e46fa,0.3.7,0
eth,0x966cbdecefb60a289b0460f7638f4a75f432ca06,0.3.7,0
eth,0x85e2861b3b1a70c90d28dfec30ce6e07550d83e9,0.3.7,0
eth,0x37417b2238aa52d0dd2d6252d989e728e8f706e4,0.3.7,0
eth,0x100daa78fc509db39ef7d04de0c1abd299f4c6ce,0.3.7,0
eth,0x16fd60e1c2dc7de6c7e877cf23aaf2ae123904b3,0.3.7,0
eth,0xf1b58db7b0280e32103167b00d5e3e16e5395c41,0.3.7,0
eth,0x6d605b8461e6e8f727ea67fc3cbd6e5e5209dee0,0.3.7,0
eth,0x2c9084e65d046146d6cfc26bf45f5b80042b90eb,0.3.7,0
eth,0xcf546c672049c4cc3235f0b2b6983a0f217f6c48,0.3.7,0
eth,0xfcc5c47be19d06bf83eb04298b026f81069ff65b,0.3.7,0
eth,0xccab5bc6cff44272c1919f9a6d6db516e5c276a3,0.3.7,0
eth,0xee320e44809355a04a93d8336b7978553d7f7042,0.3.7,0
eth,0xfb9e3e8adc1d0f1610e1e7a01ca4269df76a82f0,0.3.7,552308563226924889
eth,0x640b8cdb00d0fb2246d01b8dbf83ae5d2d2a629e,0.3.7,0
eth,0xc619ff91e2f00279f9046dbe10806de1cd4ba99d,0.3.7,0
eth,0x50103e7e050e4b0a9ddaef537c82ac7273a89b1f,0.3.7,0
eth,0xb4277e256f9c22e22acd8fb1c65e190daa331eb1,0.3.7,0
eth,0x70f1ceae0fe7205d96151f995e65a6c30f028649,0.3.7,0
eth,0xf53cc57d1983372c5dc55f0466872265da08e3de,0.3.7,0
eth,0x574c154c83432b0a45ba3ad2429c3fa242ed7359,0.3.7,0
eth,0x26244da5916bafb59a00ff6afb7b9d30db882433,0.3.7,0
eth,0xca8d0747b5573d69653c3ac22242e6341c36e4b4,0.3.7,0
eth,0xef6d7fb3526006a0cbe78fc47888896b8dca6772,0.3.7,0
eth,0xa72c85c258a81761433b4e8da60505fe3dd551cc,0.3.7,0
eth,0x9fd707aabbc361c22aea74d91bc15a484cd1efa4,0.3.7,0
eth,0xa8df0077656a861395529e9bfc9adc6f67feeb4a,0.3.7,0
eth,0xf98b45fa17de75fb1ad0e7afd971b0ca00e379fc,0.3.7,0
eth,0xde3ead9b2145bba2eb74007e58ed07308716b725,0.3.7,0
eth,0x4190cb9bb30f85dafb3adbfdb51e776b3e4028e9,0.3.7,0
eth,0x83bf620b723a2c2a427f68001c2207a28dc0bd3f,0.3.7,0
eth,0x8c392fb6f79e2564d73fe13fb3ef034f5a309c3d,0.3.7,0
eth,0x6c2a0c8ca4fb14dfe5069a24e76546396b25a706,0.3.7,0
eth,0x785d0b89499ebae634e1791987c267b011b154ae,0.3.7,0
eth,0xcdd7a23bd4574e7ff00a637256672e1008421e89,0.3.7,0
eth,0xdc237b4b882fa1d1fd1dd5b59a08f8db3416dbe3,0.3.7,0
eth,0x90b4508e8f91523e5c8854ea73afd8c22d8c27b7,0.3.7,0
eth,0xaa79ed113b5f14565fb5a200cfa28e1fbdb94ef5,0.3.9,0
eth,0x2889302a794da87fbf1d6db415c1492194663d13,0.3.9,0
eth,0xa2e592159905de72b6c7fbf835f65b56985834ab,0.3.9,0
eth,0x0a51802d25620ffe869430861a7d0e2dd5e1d0ab,0.3.9,0
eth,0xaf2f471d3b46171f876f465165dcdf2f0e788636,0.3.9,0
eth,0x1693c261947731505b30c96883e3797f4eda3b09,0.3.9,0
eth,0x500231c6e805f04ddb2773f2462b7cdcdc29c1ee,0.3.9,0
eth,0x4495467f9cd04faf5fa65ed34af335d4e2e7e129,0.3.9,0
eth,0xe105da50a007246255cf91b42a82dd9ff5971243,0.3.9,0
eth,0x60d3d7ebbc44dc810a743703184f062d00e6db7e,0.3.9,0
eth,0x506f594ceb4e33f5161139bae3ee911014df9f7f,0.3.9,0
eth,0xc19515b0a24c37f8e81afdf2dc9a6b2af3107ca3,0.3.9,0
eth,0x30a4249c42be05215b6063691949710592859697,0.3.9,0
eth,0x9335bf643c455478f8be40fa20b5164b90215b80,0.3.9,0
eth,0x52df8de3a03be64afc3673f68a97f4daeea38bb5,0.3.9,0
eth,0xccd31df9084615d87036586f5139c83c6a058bae,0.3.9,0
eth,0xf8a8341c14c606f42fc6945cf26417ba947bc5aa,0.3.9,10000000000000000
eth,0xdc899ab992fbcfbac936ce5a5bc5a86a5d35a66a,0.3.9,0
eth,0xd02d8b2c72cd13fb73cdfe28aa37aeba04ed19e6,0.3.9,10000000000000000
eth,0x9a500317a2332b9d659dc36615a9e95516b51639,0.3.9,0
eth,0x29130838bcfa12e7621b6dc3be093400caa79dea,0.3.9,0
eth,0xce96cc49a25e8c1e6e380f8ab4b64dff188fd035,0.3.9,0
eth,0x055d0f4ab9922c006220e32b75cf02083c955e93,0.3.9,389427696323188602026
eth,0xb1e69773b35a7785a87dea6f010af155102f282d,0.3.9,0
eth,0x4ebdf703948ddcea3b11f675b4d1fba9d2414a14,0.3.9,381442084121452594490
eth,0x8d867bef70c6733ff25cc0d1caa8aa6c38b24817,0.3.9,0
eth,0x9fec05840474d8cb092165cabd654e63307693cb,0.3.9,0
eth,0x12a71684cd15d1ce61e49a160b238ac616ff87c8,0.3.9,0
eth,0x3bab26c05a570146a5853f7c48a44b3268d6d0bd,0.3.9,0
eth,0x5a827a278751900bb35511d3cd370c41de1a1bf5,0.3.9,100000000000000000
eth,0x0f1b995aad8572c084a3b8174f25b17d97b7cb1c,0.3.9,0
eth,0x2734cd5cca8eff7dfa86b3da558e4ec63280f1bb,0.3.9,0
eth,0x5426178799ee0a0181a89b4f57efddfab49941ec,0.3.9,28697304927745747007
eth,0x4fc86cd0f9b650280fa783e3116258e0e0496a2c,0.3.9,0
eth,0x2090e42354ff8ddc143ede813d7e727bcab6d398,0.3.9,100000000000000000
eth,0xce18e5b19cd4430bd793fb59a598b3ab4427b0e4,0.3.9,0
eth,0x22a0adce2f10b51cb5b0818f004d2596cefef6f1,0.3.9,10000000000000000
eth,0x14dbcf69dada3e5a9afc54a24fdd1467c2bbd346,0.3.9,0
eth,0x5c57f810665e9aafb753bb9e38e6c467a6bc4a25,0.3.9,0
eth,0xd8b4922667f8ab9ebb0d1c1ea97dd2328858520f,0.3.9,0
eth,0x2049e8dcba698f2d6127e1f3e423d2278a1538d2,0.3.9,0
eth,0x4594e59ace780d137c23da87cffdaf8acb72020a,0.3.9,0
eth,0x18399afce07a30f2df69946b6110c45a1b4e6111,0.3.9,0
eth,0xf5f5b97624542d72a9e06f04804bf81baa15e2b4,0.3.9,5668797493902560217375
eth,0x85d44861d024cb7603ba906f2dc9569fc02083f6,0.3.9,0
eth,0xf29fff074f5cf755b55fbb3eb10a29203ac91ea2,0.3.9,0
eth,0xcbff3004a20dbfe2731543aa38599a526e0fd6ee,0.3.9,0
eth,0x064253915b8449fdefac2c4a74aa9fdf56691a31,0.3.9,0
eth,0x0c0e5f2ff0ff18a3be9b835635039256dc4b4963,0.3.9,0
eth,0x7f86bf177dd4f3494b841a37e810a34dd56c829b,0.3.9,6066424441928989044823
eth,0xcca62ce12c1974e21ac1974a402563a92537bc72,0.3.8,0
eth,0x17aa3d65fa89837a966774dd59167bf0d18c8085,0.3.8,0
eth,0x2f702f5389993906ca1baf59abdbcfba03a92cb9,0.3.8,0
eth,0xca11ce1d9ef6dec1f658c6708f20ead62a901367,0.3.8,0
eth,0x6f3cad61f2e933c810bdb9f90480e54d3d96bef0,0.3.8,0
eth,0xa0a6003352146c71a0dabde44f155b215566fbff,0.3.8,0
eth,0x827e1160dc3aa6fb4b69ea4f772ea195e1bfe2f1,0.3.8,0
eth,0x00800ecfd873ff5f7320127eeeafa01c896ae274,0.3.6,0
eth,0x54ffc76838e79e7fd9aa52fbdc49f2671743d305,0.3.6,0
eth,0x3543538db02270def418f31e1e5c62d691345768,0.3.6,0
eth,0x1dd9c9bcfd203c1100e660076b713a401272a140,0.3.6,0
eth,0x638d9c02c8e0518704dd3cc0a4f5b7f58594c4ee,0.3.6,0
eth,0x4c1317326fd8efdebdbe5e1cd052010d97723bd6,0.3.6,0
eth,0x3e1cc0a7d41e4945b376650eaa34498e65e5d327,0.3.6,0
eth,0xf83f3b751f655dcfa47b26ff6c8432ecde53555f,0.3.6,0
eth,0x3d3cba6525736fd1ece0b3e67ccae01c319af0e7,0.3.6,0
eth,0x6a77d224e76ab4625151578906e3a3ac0f4f587f,0.3.6,0
eth,0x046eed5fbb2bb9dfc830678492ac54813c19f24a,0.3.6,0
eth,0x269dca8dddfb2b1668e9d2e9fb55371207176df2,0.3.6,0
eth,0x7767a2b2f490622c7625eb236aca221859418b20,0.3.6,0
eth,0x09e0d0509ef3d101e955fcff7a093b70bf48af5a,0.3.6,0
eth,0x4d746e8f7567d3bdaf64c0c366e6517b3cbe2acf,0.3.6,0
eth,0x6cdcf854c4b16e59c89eee5806e1cda8f6512bb5,0.3.6,0
eth,0x37d4e6706714421d1fc41037e4f2503d5ff32073,0.3.6,0
eth,0x31661114cb1998f9bc072fd370a4d4ce35dc5c21,0.3.6,0
eth,0x3d911c11992712ccd26fdc568e1b0d3c5871dc3b,0.3.6,0
eth,0x020202747a4bdfe128f1bc9eb368735d9f306dd8,0.3.6,0
eth,0xeac30cf13496c548e368e4db96f6d47c14c3705c,0.3.6,0
eth,0x4f62af8ff4b9b22f53ee56cb576b02efe2866825,0.3.6,0
eth,0x5be916cff5f07870e9aef205960e07d9e287ef27,0.3.6,0
eth,0xbb4fac66affd17365c447c837fd0a2f064313d64,0.3.6,0
eth,0x09d6bd033ca67422512e6b7399c58dfa530f7d61,0.3.6,0
eth,0xb0ed881fb9c42b5719ab4c6a9eef5673e0c95a67,0.3.6,0
eth,0x71658a23d9c7f1593c8b0805b40d07240ed947ee,0.3.6,0
eth,0xc4bb6295094f989d1aebb0316fe66e774e805845,0.3.6,0
eth,0x76b403eebb604c7e2194afaf3439fd0873a96616,0.3.6,0
eth,0x2e89c7e795a162acda3eaac8f4abbb321517f20f,0.3.6,0
eth,0xf95f069f9ad107938f6ba802a3da87892298610e,0.3.6,0
eth,0x425b6511bc83033545b882bd64f5a6d8f5de3544,0.3.4,0
eth,0x127db66e7f0b16470bec194d0f496f9fa065d0a9,0.3.4,0
eth,0x71b0aa48e942e77dd69a9166bf2a9e23a3de683a,0.3.4,0
eth,0x02f883581225e8ee144e73dffd17dcbde1a453e7,0.3.4,0
eth,0xc84fd3942c28cb9c27d5c36a4451f95988ea0d11,0.3.4,0
eth,0x8d2a85b03f22e1c51b9c9aac88e7789045a38599,0.3.4,0
eth,0xd57bb1db8f796e840eb295024c14ddcac06e2e37,0.3.4,0
eth,0x46a8a9cf4fc8e99ec3a14558acabc1d93a27de68,0.3.4,0
eth,0x23544454b2b6cdb62ddd4f402c23e7bd0e50656c,0.3.4,0
eth,0x8764add5e7008ac9a1f44f2664930e8c8fddc095,0.3.4,0
eth,0x82c84e7a12346b110be15880951d4536d4fc99a8,0.3.4,0
eth,0x27a311281001acc6a6b3a1d0744ca44ceb82d7de,0.3.4,0
eth,0xd39d7549af1e36cbd387e95b8f8a177619400e23,0.3.4,0
eth,0x2901875306725cf7c78b6b233b2f6e6d58819a36,0.3.4,0
eth,0x5f493fee8d67d3ae3ba730827b34126cfca0ae94,0.3.4,0
eth,0xab09bd46ebb782da7a61f336b9376bcb3d35b2e4,0.3.4,0
eth,0x58afcf56aa1dd1b5976d10461009e6cc4c7156fa,0.3.4,0
eth,0xc4f389020002396143b863f6325aa6ae481d19ce,0.3.4,0
eth,0x22ceb131d3170f9f2fea6b4b1de1b45fcfc86e56,0.3.4,0
eth,0xf9b71067a1bb1258f2155359e8b22090612870ff,0.3.4,0
eth,0xaad110f873bd72ebe289b630ba07c37dd831f092,0.3.4,0
eth,0xc6c2609c9e550aebaca6ecec874fb6bdd188067a,0.3.4,0
eth,0xa231d090306a0767dcd0bdbf860233d02a4bff7d,0.3.4,0
eth,0x6f4c31d2c8f7a6f43c8ae28cf0c16cda0a34e838,0.3.4,0
eth,0x84a8456a88cfb52f2fae5a12a9b180b8f9732842,0.3.4,0
eth,0x5af79133999f7908953e94b7a5cf367740ebee35,0.3.4,0
eth,0x5de4ef4879f4fe3bbadf2227d2ac5d0e2d76c895,0.3.4,0
eth,0x565562e7cff1c10f5fa1d2f67eb17f92b846b490,0.3.4,0
arb,0x4e04f80a0b57b2375cd98dad2ccf853d5236d448,0.2.12,0
arb,0xa25d679fbd010792d0f4e49f3365afc45100eb5f,0.2.16,0
arb,0xf085a237aad38fcd81a45503d5eac353b1d03c12,0.3.0,0
arb,0xb61915609e6dc7a7261b678073c53bac5875a8b4,0.2.16,0
arb,0xb93427b83573c8f27a08a909045c3e809610411a,0.2.16,0
ava,0x49d743e645c90ef4c6d5134533c1e62d08867b14,0.2.12,0
ava,0xb7de33440b7171159a9718cbe748086cecdd9685,0.3.0,0
ava,0xb61915609e6dc7a7261b678073c53bac5875a8b4,0.2.16,0
ava,0xb93427b83573c8f27a08a909045c3e809610411a,0.2.16,0
ava,0xfef9e933762250d76dce31753fd0137d85318411,0.2.12,0
ava,0x939fa87e1d041b217711f982233dc8ffbefaa102,0.2.12,0
ava,0x5fe823ac08ee043746245f387b4420b3629277fc,0.2.12,0
ava,0x5be26703a658c332ce612eae3a497059da98394a,0.2.16,0
ava,0x4a5bf7ab9a8202692051c19b102d3edd62aabae6,0.3.1,0
ava,0xd2acae14ae2ee0f6557ac6c6d0e407a92c36214b,0.3.1,0
ava,0x3ddebb234ac468fce2940b3f27009e8caa8a283a,0.2.16,0
ava,0xb841c4d89ddaaeb02a334bd2f7480c5e5bda6208,0.3.1,0
ava,0xf274a1d3a794e210d6af9d77eb966f01fd9a646f,0.3.1,0
ava,0xa25d679fbd010792d0f4e49f3365afc45100eb5f,0.2.16,0
ava,0xfe90eb3fbcddacd248fafefb9eaa24f5ef095778,0.3.1,0
ava,0xe5e0a3380811ad9380f91a6996529da0a262ecd1,0.3.1,0
ava,0x7fc282b1b6162733084ee3f882624e2bd1ed941e,0.2.12,0
ava,0x3d407e337dd47ebcdc61ddbc705634125c4cc55e,0.2.12,0
ava,0xe8e8bcf90dc2538142f8f3409da303a690a8d203,0.3.1,0
ava,0xd7d147c6bb90a718c3de8c0568f9b560c79fa416,0.3.1,0
ava,0x692c9a107c0c8911ec633354e0c65f125ff052a3,0.2.12,0
ava,0xc3f9b146389515d17422036c041cdb02aeec8cf5,0.2.12,0
ava,0x04e39ef8332e979cf8e4f8891e64934ff65f231b,0.3.1,0
ava,0xd19baeadc667cf2015e395f2b08668ef120f41f5,0.3.1,0
ava,0x56bb716d69ca8942784b6456a3c841766692f36a,0.2.8,0
ava,0x7b893bfb372b560f9845eee78e8bddaa2b89eab4,0.2.8,0
ava,0x28bee4f8625770266a36f44f5b54afe9be5807fe,0.2.8,0
ava,0x15ac08e2e540a4a7f8075bff1226026a85549ca7,0.2.8,0
ava,0x26555d06587b1059b0db1784f84b7be6234014db,0.2.8,0
ava,0xb47ab29be6ff24c11d8be7596cd3a55cb775bc71,0.2.8,0
ava,0x4e04f80a0b57b2375cd98dad2ccf853d5236d448,0.2.12,0
ava,0xb6526ea37479b0287cb9cf19c49ec87a324bc7de,0.2.8,0
ava,0x078100548b6166ff9b8bfeea521a744929546ee4,0.2.8,0
ava,0x10d234f35abf895bc54ed96a4d24f7b3fa3ed9e1,0.2.8,0
ava,0xb0eece8b92480ae939a00f88ab31df71aa39fe53,0.2.8,0
ava,0xc8cf240b7a6835ea4d90e18c5e92afa7c17e55b8,0.2.8,0
ava,0x79f600bd1dda86eccc50e27886e74577e4bfcc60,0.2.8,0
ava,0x474841675ac91862840149096b897cde776c42a2,0.2.8,0
eth,0xfdce4bf949a62aed98bd9995d270a6e682650ace,0.3.3,0
eth,0xab47edfc33ba5d5bc19fc7d2bcd093f99530bb3d,0.3.1,0
eth,0x8b9a81b66131a62aef5f229d218ee22b42e92ac2,0.2.15,0
eth,0x44d223d05cffe023a6efc855dadba3f748d17177,0.2.12,0
eth,0xab080a16007dc2e34b99f269a0217b4e96f88813,0.2.16,0
eth,0x98d3872b4025abe58c4667216047fe549378d90f,0.2.16,0
eth,0x074306bc6a6fc1bd02b425dd41d742adf36ca9c6,0.2.15,0
eth,0x675ec042325535f6e176638dd2d4994f645502b9,0.2.15,0
eth,0xb913090f0fcc2473dfcceaf41653a806bcb85fab,0.2.15,0
eth,0x21ead867c8c5181854f6f8ce71f75b173d2bc16a,0.2.16,0
eth,0x7b0eff0c991f0aa880481fdfa5624cb0bc9b10e1,0.2.12,29984941386413503666
eth,0x57d59d4bbb0e2432f1698f33d4a47b3c7a9754f3,0.2.15,0
eth,0x3f671780d41bea78718025cd3bb87a3d62659610,0.3.3,0
eth,0x1cd24f833af78ae877f90569eaec3174d6769995,0.2.15,0
eth,0x826da65023a52497538ba395ea5d91472898bd57,0.3.3,0
eth,0xccdea8bd5874587ab86fe6894c0d9d487341167f,0.3.3,0
eth,0x4aa261bc595abc6fdef0255c83e2a9305261753f,0.2.7,0
eth,0xc2aa83629bafa244d915c451fd06e6101efa61ba,0.3.1,0
eth,0x3c56a223fe8f61269e25ef1116f9f185074c6c44,0.3.3,0
eth,0x90e38bd93f23243fd7b021195ef47ea00ab5f625,0.2.16,0
eth,0xd30dd0b919cb4012b3add78f6dcb6eb7ef225ac8,0.2.15,0
eth,0xaafdef93fc09316b7cbadf96e7ce12ce9aff7af0,0.2.16,0
eth,0xceda55279fe22d256c4e6a6f2174c1588e94b2bb,0.3.1,0
eth,0x99851dfebc72d1ff83e3f97d003fcdd8d49edef5,0.3.1,0
eth,0x30849bcd1a44affd59371dd44a3296ad8dac91ac,0.3.1,0
eth,0x5f75a0239a15c2f93833aeb70028ae4e6eb7879a,0.3.1,0
eth,0x28542e4af3de534ca36daf342febda541c937c5a,0.3.0,0
eth,0x082a5956d63b44685a7cca89379d565c439fdf3c,0.3.0,0
eth,0x43103fe8bd1049f756370f831634812eb4eff7d3,0.2.8,0
eth,0x59e132164ec2e48b0714eb6abdb10225df44da0e,0.2.15,0
eth,0xb174dac86da5822f6e1cb9ba945bab0578125c81,0.3.0,0
eth,0xa25556c6fecf019b4ea257bdd7cde0eaac2ea9e3,0.3.3,0
eth,0xa36ab880faf335257cf213447f54efe5e762bed1,0.3.3,0
eth,0x3bd4130b83de1215df8611e2fbbe17187c823aa0,0.3.1,0
eth,0xa68905c8c6300cbad6aa4b24d8a336ff2084cc3b,0.3.3,0
eth,0x92a44965d8bd5a301d74110e671050fc0273ed1e,0.2.12,0
eth,0xfd866231821c6ea4c9246229609af4132c69a1f8,0.2.15,0
eth,0x89d6ad3ebf53811f59fad746123a234ecf53b392,0.2.15,0
eth,0x85cd7f0971bccd35823d06ef85498fe281f748de,0.3.1,0
eth,0xa2bef6a0b7aea8c5fd5c34e7fc36d89104482034,0.2.12,0
eth,0xb32da4e100b9fe091611bd058acf75000f8249f5,0.2.12,0
eth,0xae232f9bd12480b6393e816a1e02cce6fb1f9cb0,0.2.15,0
eth,0xe399d0d638020fe7f25eb09b2fb493cb434f86cb,0.2.15,0
eth,0x4faf202ecea12f13b3b735f0fc88f6b45d336e95,0.3.1,0
eth,0xe3c8a4de3b8a484ff890a38d6d7b5d278d697fb7,0.3.1,0
eth,0x2618e94a7f6118aced2e51e0a05da43d2e2ed40c,0.3.1,0
eth,0x62354aeed9c1b45a8569e2e7a3cfee5ce997acb5,0.3.1,0
eth,0x3669c421b77340b2979d1a00a792cc2ee0fce737,0.3.1,0
eth,0x2ce354a659f795cbd30f9247924500f13815da15,0.3.1,0
eth,0x78b6dd0cd4697f9a62851323bea8a3b3bf213241,0.3.1,0
eth,0x8f4ef8c623c33cdb6a57c19aecb87e161fa7691f,0.3.1,0
eth,0xf437c8cea5bb0d8c10bb9c012fb4a765663942f1,0.2.12,0
eth,0xabd040a92d29cdc59837e79651bb2979ea66ce04,0.2.7,0
eth,0x8b701e9b3a1887fe9b0c7936a8233b39408e69f6,0.3.1,0
eth,0x3dc88ee38db8c7b6dceb447e4348e51bd87ced93,0.3.1,0
eth,0x2eb24483ef551da247ab87cf18e1cc980073032d,0.3.1,0
eth,0x86d62a8ad19998e315e6242b63eb73f391d4674b,0.2.16,0
eth,0xb9e28267eb119d07fc2c3bfc63d4b53ff6c2c778,0.2.8,0
eth,0xce399bf99df1b2de66dee8a100280bb49d2ee0af,0.2.8,0
eth,0x7789f7f28152ec48a4d35141decce08ce83d69e8,0.2.8,0
eth,0xe84f5b1582ba325fdf9ce6b0c1f087ccfc924e54,0.3.3,0
eth,0x08780fb7e580e492c1935bee4fa5920b94aa95da,0.2.16,0
eth,0x33bb0e62d5e8c688e645dd46dfb48cd613250067,0.3.1,0
eth,0xc7a0e3a5952d4e8a45ebf5e7464c8fbc43f7d081,0.3.1,0
eth,0xf830b9e88f994bbb069ac884d40fa2e09d050bb8,0.3.3,0
eth,0x6ec5dd7d8e396973588f0defd79dca04f844d57c,0.3.1,0
eth,0x55b916ce078ea594c10a874ba67ecc3d62e29822,0.3.1,0
eth,0xa1d0ccfccb3064d4703060400f0d7e0fe0405e13,0.2.7,0
eth,0xc5022291ca8281745d173bb855dcd34dda67f2f0,0.3.1,0
eth,0x910e6e8c29e1e02602863535295a531249965294,0.3.3,0
eth,0x7aec433a4c4bd251761c7f81ef92ee0025e27685,0.3.3,0
eth,0xe172ca3f63aa0d3db31a7e495c8ea594ca851291,0.2.7,0
eth,0x9848260633c863c0ba40d9b31db13689fcfbc15a,0.2.7,0
eth,0x218403ebc5ee1ee088823985b496cabffb0a953c,0.3.3,0
eth,0xe5f96070ca00cd54795416b1a4b4c2403231c548,0.3.1,0
eth,0x4912bca6ca3ee50098abc77d20a8013514f45fc2,0.3.3,0
eth,0x69522fb5337663d3b4dfb0030b881c1a750adb4f,0.3.1,0
eth,0x7cda85c85cedc16e71baa8a18d3690ee4fcb75a9,0.3.3,0
eth,0x07bd489db9011edece1be211a4ce681e5b1cc076,0.3.1,0
eth,0x3b8285de5f16c7ad2bf3ef56dd35fda83a2e0bc2,0.3.3,0
eth,0x8576bc5409dc69a16144dd95d5dfb402a128909a,0.3.1,0
eth,0x0c1e2159c8d13876f5bc4cd9c7256b197d3c59f1,0.3.1,0
eth,0x18e074524e849cbfcbe9c49d866120d3e524793c,0.3.1,0
eth,0xa338ff0c914f70f485a32b761000eb10ede78bb8,0.3.1,0
eth,0xc7f4020051dd29160320a9ef634e1a7ceb26d738,0.3.3,0
eth,0xdc5cd6bcc9aff0ff964d0d7a97e5a4dc2367bfdf,0.2.12,0
eth,0xd525ddd05170a03772e96ffb8d8e34a0d74b8f0e,0.2.12,0
eth,0x8ac752c39ac6c9cb7dcaa6387705273dfc57410a,0.2.12,0
eth,0x0a39ee038aca8363edb6876d586c5c7b9336a562,0.2.12,0
eth,0x675f82df9e2fc99f8e18d0134eda68f9232c0af9,0.2.12,0
eth,0xe7f3a90aee824a55b0f8969b6e29698966ee0191,0.2.12,0
eth,0x72c7b82a1b3600a567eb60b283da465e99afee1e,0.2.8,0
eth,0x5bd47ea4494e0f8de6e3ca10f1c05f55b72466b8,0.2.15,0
eth,0x24d937143d3f5cf04c72ba112735151a8cae2262,0.2.15,0
eth,0x55aa9bf126bcabf0bdc17fa9e39ec9239e1ce7a9,0.2.15,0
eth,0xc6a8466d128fbfd34ada64a9fffce325d57c9a52,0.2.15,0
eth,0x6326debbaa15bcfe603d831e7d75f4fc10d9b43e,0.2.15,0
eth,0x50b085f2e5958c4a87baf93a8ab79f6bec068494,0.2.15,0
eth,0x8c1ab78601c259e1b43f19816923609dc7d7de9b,0.2.15,0
eth,0xe5f4b89e0a16578b3e0e7581327bdb4c712e44de,0.2.15,0
eth,0x707f9118e33a9b8998bea41dd0d46f38bb963fc8,0.2.12,0
eth,0x5dde89e64a418ebe46e36041d12a09cfc91f24b6,0.2.8,0
eth,0xcd563e0eba0fe4c55fa69e8ab462fcb40e07c7d6,0.2.12,0
eth,0x27761efeb0c7b411e71d0fd0aee5dde35c810cc2,0.2.7,0
eth,0xdb99fdb42fec8ba414ea60b3a189208bbdbfa321,0.2.12,0
eth,0x513251fab2542532753972b8fe9a7b60621affad,0.2.12,0
eth,0x73cf8c5d14aa0ebc89f18272a568319f5bab6cbd,0.2.7,0
eth,0xba722b368476d3bf298d998d48a42b0b836c1583,0.2.12,0
eth,0xc4c78b08fa0c3d0a312605634461a88184ecd630,0.2.15,0
eth,0x6523ac15ec152cb70a334230f6c5d62c5bd963f1,0.2.15,0
eth,0xb9fc157394af804a3578134a6585c0dc9cc990d4,0.2.15,0
eth,0x668e76f1e74e6391ed3fe947e923878109647879,0.2.8,0
eth,0x6085048d994e01b8a975b84972337771d4fefc98,0.2.12,0
eth,0x0ce658f9bc3af831271199578449810023dba703,0.2.12,0
eth,0x9e92b01b30004ec224a5f69d3d5eb83876321209,0.2.8,0
eth,0xa52ee27a8be0d59607a57ebd977b6f99a8dd8dda,0.2.12,0
eth,0x0ca0f068edad122f09a39f99e7e89e705d6f6ace,0.2.7,0
eth,0xe8060ad8971450e624d5289a10017dd30f5da85f,0.2.12,0
eth,0xd35b58386705ce75ce6d09842e38e9be9cde5bf6,0.2.15,0
eth,0x88855cdf2b0a8413d470b86952e726684de915be,0.2.15,0
eth,0xad4753d045d3aed5c1a6606dfb6a7d7ad67c1ad7,0.2.15,0
eth,0x5b4058a9000e86fe136ac896352c4dfd539e32a1,0.2.12,0
eth,0x0980f2f0d2af35ef2c4521b2342d59db575303f7,0.2.12,0
eth,0x3986425b96f11972d31c78ff340908832c5c0043,0.2.4,0
eth,0xce391315b414d4c7555956120461d21808a69f3a,0.3.3,0
eth,0x8bf70dfe40f07a5ab715f7e888478d9d3680a2b6,0.2.4,0
eth,0x840e75261c2934f33c8766f6ea6235330dc1d72d,0.2.4,0
eth,0x7492aa25dcb4013925c199ded466fdf9baa6a380,0.2.4,0
eth,0x3dce48cfc0bea704ec1640b34b33ec55f97d3056,0.2.7,0
eth,0x9ec01c8315fb3062c9c790c368b0001a84e94a74,0.3.3,0
eth,0x442bc791338d137d4cc2496dea78c8292f17c48f,0.3.1,0
eth,0x19a5ec09ee74f64573ac53f48a48616ce943c047,0.3.1,0
eth,0xf54d5e38f6f1370bc073ea832526b1d63317a32e,0.3.1,0
eth,0x7d2153fa1a3aa94b3e82639c81f1ac7021b94b8f,0.3.3,0
eth,0x218c219bbe9b38c0160b9ff735940eac6881c7d1,0.2.4,0
eth,0x280b71027a45676430a1089417783d30cbb30e72,0.2.4,0
eth,0x8736e531e42712244fe4ef120fe480a4471cdb1f,0.2.4,0
eth,0x1430b827a96e0f0783e76252dcef9066af589ccc,0.2.7,0
eth,0xe7e0fd927a444047334a2b86bddb83cff367cc21,0.3.3,0
eth,0xcc71c80d803381fd6ee984faff408f8501db1740,0.3.0,0
eth,0xdc82d6dabcdc42c7f8cb6d3100ef17cff6d54ed6,0.3.1,0
eth,0xc1463badb8ce1f5e527855b6759ce2c419d24de3,0.3.1,0
eth,0xe10cc35487b4770adf9aefb1d9f8f3a2eaae562a,0.3.1,0
eth,0xeba9a8fdd2539d33e070c66afc1127478ba78054,0.3.1,0
eth,0xdbb1aaeb04f3b5e2587e4bb849717e9ebd0c8acc,0.3.1,0
eth,0x3d8facb2b65b8ceb682ade00e016c672ee6262c0,0.3.1,0
eth,0xf62a24ebe766d0da04c9e2aeecd5e86fac049b7b,0.3.3,0
eth,0xdae71239d7f277824700dfc45b575e6aa21e2294,0.2.12,0
eth,0x15174daafd4a72f282cf875a839d1abe9bf444c1,0.2.12,0
eth,0x0145fd99f1dd6e2491e44fca608c481c9c5b97a9,0.2.15,0
eth,0x3a283d9c08e8b55966afb64c515f5143cf907611,0.3.1,0
eth,0xc5ca1ebf6e912e49a6a70bb0385ea065061a4f09,0.2.4,0
eth,0x20c691306cb04ce655cbb2ea0de8dfe5f79a6477,0.2.4,0
eth,0x62d285fe5a36fd98ce034dc3e926f905ae38049a,0.2.15,0
eth,0xe6b5240efacbd57c4235c044c3a1211c58061a4e,0.2.15,0
eth,0x960c6ede0e5d7cba4abcce2ba27f84e5528d4453,0.2.12,0
eth,0xadcfcf9894335dc340f6cd182afa45999f45fc44,0.3.1,0
eth,0x8484673ca7bff40f82b041916881aea15ee84834,0.3.1,0
eth,0x6d693c7e283a149195b1bdbda78780c7520f9505,0.2.15,0
eth,0x469cc36c736f41810b96633a66b887307fcdae03,0.2.4,0
eth,0x927ddc5a776f2bc225b9fb9ec16bdcee09eb6c0d,0.2.7,0
eth,0xa47a8a0fa6bd6a596d15e83c4a91c97305a75c5b,0.2.7,0
eth,0xc3672cfdfcfd5afd7c541736194c9d5684b37170,0.3.1,0
eth,0x2088cb9296c01926ebf7f196981ea47aac3238eb,0.3.1,0
eth,0x34607e8ba2001b3f3b65348fa0b99d2112bdd3e1,0.3.1,0
eth,0x017db2b92233018973902858b31269ed071e1d39,0.3.3,0
eth,0x1b2c6c5dcc63d17513cd2e71875ff42c12c236b9,0.2.8,0
eth,0xdf5e4e54d212f7a01cf94b3986f40933fcff589f,0.3.3,0
eth,0x65c83006ebda35229fc61ae5cba1048f83ea5ebf,0.2.8,0
eth,0xb48dcef0a7fbbafde272cebe9b4fbe6b51afa915,0.2.8,0
eth,0x2c6c87e7e6195ab7a4f19d3cf31d867580bb2a1b,0.2.7,18143383336181135303
eth,0x3dc56d46f0bd13655efb29594a2e44534c453bf9,0.2.16,0
eth,0x3f3f0776d411eb97cfa4e3eb25f33c01ca4e7ca8,0.2.16,0
eth,0x261e3aeb4cd1ebfd0fa532d6acdd4b21ebdcd2de,0.2.7,0
eth,0xb5e7f9cb9d3897808658f1991ad32912959b42e2,0.2.7,0
eth,0xfa2685964983c6f5b310b3341f8264215c9c4b61,0.3.1,0
eth,0x19854c9a5ffa8116f48f984bdf946fb9cea9b5f7,0.3.1,0
eth,0x9038403c3f7c6b5ca361c82448daa48780d7c8bd,0.3.1,0
eth,0x1929605b714517b76bb733198e0f3c3d4ab08608,0.3.1,0
eth,0x4ff64e74b276e287208edea1c2756003a75d6ebe,0.3.1,0
eth,0x7111a302b929d14a323b489f234ef912903bf374,0.3.1,0
eth,0xc7b5948532aaf0e5dcbdb78ec23e339cf13b86a6,0.3.1,0
eth,0xd5f891201093a076b0a35696c72a1629a4404ce5,0.3.1,0
eth,0x820e921a8b3961166199a352592b8d33fe861e9b,0.3.1,0
eth,0x29893bcd1fda6da4f29d0e21edc55abc3a29a202,0.2.7,0
eth,0x696b5d296a8aef7482b726fcf0616e32fe72a53d,0.3.1,0
eth,0x9250efea432379a5565b3df3e36f83d99fa41127,0.3.1,0
eth,0x7f3026195d1b689d187d28a182cce16b8becf77f,0.3.1,0
eth,0x74024f9b3d075a5d339dd3b80e2e218ec71de0b9,0.2.16,0
eth,0xff23e40ac05d30df46c250dd4d784f6496a79ce9,0.2.16,0
eth,0x8e764be4288b842791989db5b8ec067279829809,0.3.1,0
eth,0x1bdffe0ebef3feadf2723d3330727d73f538959c,0.3.1,0
eth,0x9e7f8d6e87ec1c783d01fcc90ebf6ec766b0036c,0.3.1,0
eth,0xbb1cb94f14881dda38793d7f6f99d96db0594051,0.2.15,0
eth,0x12f407340697ae0b177546e535b91a5be021fbf9,0.3.1,0
eth,0x49fc232768d14ee679856b740641a8ea0c5364a4,0.3.3,0
eth,0xd20dbf3244a16862d1338b615120019756fd712b,0.3.3,0
eth,0xa7f26118bd6e6dd600e56fc1961b07ff4550d682,0.2.4,0
eth,0x5db3a1766c4489ad346cb903edace591d4c3d5d8,0.3.1,0
eth,0xb776e073f359b30d8e19b216983d678f281487a6,0.2.16,0
eth,0xefd2fca091e4ba762a7dd7f0f3fbef8075a7ca12,0.2.16,0
eth,0x6f18d91b2c3e2f4e7b9c6deced5537863ae43f7e,0.2.16,0
eth,0xef4218f106a33cd8a75594967d1e498f760544a8,0.2.16,0
eth,0xde14b4a4a83db5e506a62f06079ed3e85862a06b,0.2.16,0
eth,0x5b30ff28728bc82f78677f8053ecc47500ee6582,0.2.16,0
eth,0x4f37a9d177470499a2dd084621020b023fcffc1f,0.2.12,0
eth,0x34040422c388d9a92f911f8219681badf2899d66,0.2.16,0
eth,0xefaddde5b43917ccc738ade6962295a0b343f7ce,0.3.1,0
eth,0x34883134a39b206a451c2d3b0e7cac44be4d9181,0.3.1,0
eth,0x004a476b5b76738e34c86c7144554b9d34402f13,0.3.1,0
eth,0x81c46feca27b31f3adc2b91ee4be9717d1cd3dd7,0.3.1,0
eth,0x8fb539bf3bd39487525a0a1a8960dcf240d8abf4,0.2.16,0
eth,0x36880a4da4069ccdf6f31e25e7d8ed64080c9645,0.2.7,2000000000000000
eth,0x43277c92f9936aeb5d6a2713a44cd2f096f171cc,0.2.7,0
eth,0x345a89895c0e63d961d9d5da5e5929cb92b915ff,0.2.7,9877173489941982
eth,0x631f31804c5989794966a44cf52f9bfffbe99012,0.2.4,0
eth,0x86f6c353a0965eb069cd7f4f91c1afef8c725551,0.3.1,0
eth,0x1c365ed4997044c54fc3f7545a04460647afe4cd,0.2.12,0
eth,0x26b358e5dacee29446533bff918af2756a9564a0,0.2.12,0
eth,0x2292d8a23e22b540ad93f1eae9172b9564d6966a,0.2.15,0
eth,0x184ddc8fd1dccb3db8934f931ecf340108e615f6,0.2.15,0
eth,0x92de8d92822b3c9d06b18d6a3501fea7bf63b98c,0.3.1,0
eth,0xc58454df0a866ca8eaed4742e83206702122268a,0.3.3,0
eth,0xd27245762c4848e58a5957ba3d62f1aa58a6a09a,0.2.12,0
eth,0xa7cfe7ca3c13fe2a738009a097722525bacbde5d,0.2.15,0
eth,0x19cf9701f8633ec30dbf40a0f08c025390affcc1,0.2.15,0
eth,0xec161db1d0fb2bb526f3f09efdff0bd6653e0465,0.3.1,0
eth,0x702e688a5a6381f2b45f82bbd173156fd207692d,0.2.12,0
eth,0x45fbbc90b3d7ca1095831dc2c85c208977439f89,0.2.12,0
eth,0xe913ca1bcd164ff7f59e617b19051b825c9cd1bf,0.2.15,0
eth,0xf090d000d69b52b043ea2496888860c484e21385,0.2.15,0
eth,0xe90ea487a96bff047593c6ab951aaf8aae9a4197,0.3.1,0
eth,0x1ec8717a5f18945a5083cb6e72fec72191aeca83,0.3.3,0
eth,0xef3417497f35136929e43e357b5f91331d6740ee,0.2.12,0
eth,0x8dc1239302529e70b2a18964fcf08c44110992b8,0.2.12,0
eth,0xabc7ed0cfc6854771242ea52d999580564fca813,0.2.12,0
eth,0x16afaf36dffeb47586abe30e87828e9fc5136d6d,0.2.12,0
eth,0x662c3225a9bedb594b0a3a80b322f816ee29e423,0.2.15,0
eth,0x14f8cb0d506dc1d407463f8f19349e42aecd70e2,0.2.15,0
eth,0xc2817d3a71ea0a958c66359a222a76bc9e44c6f6,0.3.1,0
eth,0x7c3d3a24c6b58e72b4d98024b33626febad638e7,0.3.3,0
eth,0x373f19c102ff6709986bd06a8b294586472f694c,0.3.1,0
eth,0x123ec6701097d1c95771d0b8fa48b0d88e7d7b62,0.2.12,0
eth,0x71eb1046607a2496a2fd48ab73d1973ee9fadff0,0.3.3,0
eth,0x4e3e0c5d4b7d4002cd981bf9f70e2433456432a5,0.3.3,0
eth,0x86e917ad6cb44f9e6c8d9fa012acf0d0cfcf114f,0.3.1,0
eth,0x72953a5c32413614d24c29c84a66ae4b59581bbf,0.3.1,0
eth,0xb926f1567943992a1cf6868930d0a0bdc896fdcb,0.3.1,0
eth,0xa5d9358c60fc9bd2b508eda17c78c67a43a4458c,0.2.7,0
eth,0xea99147773782cc88a03d76a7c9e30152d97fc0b,0.2.7,0
eth,0x24b10a62385c2d04f3f04dd55297add7b4502530,0.3.3,0
eth,0x7da932cea0da8153d928247350be5d3328ed72a9,0.3.1,0
eth,0x4a4494ceb201277c51f13b5a4c86627214e37152,0.2.7,0
eth,0x21b815f51bba58333114d088c65720dfd4428b2a,0.2.16,1000000000
eth,0x55055b53867ed4cd182b3a87444f02f560907985,0.2.7,0
eth,0xdd37a39f36656a6450c86112134b7beacb7999b8,0.3.3,0
eth,0x242a07c3f5f604d2c38818822d1fb5e21915f3af,0.3.3,0
eth,0x84e0f3ee9c862a15ecbcc6b443be3d09e20646f2,0.3.1,0
eth,0xf969e3e9584a88ded002ecfde8dd79119e62c42e,0.2.15,0
eth,0x036dd629f66d20b311b082599fcff99de3d7d9f6,0.2.15,0
eth,0x9f4ba86993e5b61c878f87ba4fc1c50f7bf87f49,0.2.15,0
eth,0x519c0dd454aa15b0c264fb372056865de70bf0d4,0.2.11,0
eth,0xc6d7ddbb96489a7b5abcab2a17e58681f554e469,0.3.0,0
eth,0x21df8d26beca67d1f731fa4516b8759de3a02ef0,0.2.16,0
eth,0x87b336a8766c064f2225f25de09833e66035783f,0.2.15,0
eth,0xecbad1d5a45990aea395c5544cfba64aaeb2b573,0.2.15,0
eth,0x34c5bcb57e33c1173288579905178a9c75bd0dc9,0.2.8,0
eth,0xbdd8848a0966327479eb26efdecc743a5407f115,0.2.12,0
eth,0x8cad3327b112cd45b4b503b4487ecdaef349f3ec,0.2.12,0
eth,0x1695ad362cb783b0c2e8795155b7e39722c229ed,0.2.15,0
eth,0x1a1ef6d27a1d09a20f0e436bc8b49a3e85efc528,0.2.15,0
eth,0xe6d396958505bea2bfc5753c1e444d2d07eee297,0.3.1,0
eth,0x1661a19b2d13e61e30f5e7a6e2710ca419cf4f00,0.2.12,0
eth,0x3e358fb4a36444fbac7aebc91aa843ea3c47d50e,0.2.12,0
eth,0x8d2072faec4d9db814075672d78cd47979ff1bcf,0.2.15,0
eth,0x22eb9db75bf403522cf67a8492d23b256c1c98a3,0.2.15,0
eth,0xfc434085fcdd7247fe13173369b3c4686af0c4d8,0.3.1,0
eth,0xdd75c02870d07dc20925af205d8a41e2c3f656c9,0.3.3,0
eth,0x57e1bb4a53629acc4a193cdfd99846eb8d2b38c2,0.2.12,0
eth,0xeb5ff3088c9463554eefc09613261f4756b2f056,0.2.12,0
eth,0xf1d48b1d9f21c013f7aceb9db305ec110793d5fa,0.2.15,0
eth,0x4683611839bf84eead32cb8c5966a14b4c7ba2bf,0.2.15,0
eth,0xa3cbd7059070c3d4afea29fa71ef7ea8bfe3756a,0.3.1,0
eth,0xeb1ecd5b8f305add7424020db8d432c3add5ae40,0.2.12,0
eth,0xa96a1f336c819303f05803780c33bc35e96692af,0.2.12,0
eth,0x0e3d595e8ef5b1024886dfd2a0632900bbf84c2a,0.2.15,0
eth,0xa65ad41d15d97fbddc1098c29719342b7099d720,0.2.15,0
eth,0x86ba0cb5034b9a32d9db763341d4a9899d12070d,0.3.1,0
eth,0xb45f7d85fc5a4186c945f86033976d018fd42aea,0.2.12,0
eth,0xef2daf848bbcc88190591de2ef2f9f8c381076e3,0.2.12,0
eth,0xf12b55e4c98848cee9bf1b23db7d4df054aff516,0.2.12,0
eth,0xf630ffee8dc8cc41ef42d5bc754c24c3b048aea2,0.2.15,0
eth,0x7b1760bc5233bd352673322e7bfd4a084c32f755,0.2.15,0
eth,0x8ab33ae6fce05e63a5b091e23528aa489aaf2072,0.2.12,0
eth,0xf187a6dafa5411076a032de0e4fe85ee4fa70c47,0.2.12,0
eth,0x6b57e59efe4d9f706ea42e8ea2d0734888d60867,0.2.15,0
eth,0xdbbce2abadad2717d269dbb0940e782740a150e9,0.2.15,0
eth,0xb914fb3d159f79333cfe5770e54cdab83b8e73c6,0.3.1,0
eth,0xfa6ebb3a62dde486f87661d238b53bf6557d386a,0.3.3,0
eth,0xad4dbd3be46f7bdab82702b581b1d4c5f584741a,0.3.1,0
eth,0xfa10225590d5b35fc6064448667d3932402995d7,0.2.12,0
eth,0x8b8b0ea822be9c542ccbd5b697ed4bd616d203e6,0.2.15,0
eth,0xa2e6125b60f30bef0af3db1fabfe2fe4359e26b6,0.2.15,0
eth,0xf269af063b38b69026835cbae8b8d0ddd1c9ecf2,0.3.1,0
eth,0x97c0613eac03e4417c9931f2d8eca069f0c8c275,0.2.12,0
eth,0x5e2a4c79de93b54166885b56f2db30ccdcd8b0c8,0.2.15,0
eth,0xf0b84c4b60bada42793d8cc756ff9bf186d28274,0.2.15,0
eth,0xed4194068757394d1f3905bee359f5794e756c36,0.3.1,0
eth,0x051d7e5609917bd9b73f04bac0ded8dd46a74301,0.2.16,0
eth,0xf253f83aca21aabd2a20553ae0bf7f65c755a07f,0.3.3,0
eth,0x6d787113f23bed1d5e1530402b3f364d0a6e5af3,0.3.1,0
eth,0x008cfa89df5b0c780ca3462fc2602d7f8c7ac315,0.3.1,0
eth,0xabc533ebcdded41215c46ee078c5818b5b0a252f,0.3.1,0
eth,0xa2d40edbf76c6c0701ba8899e2d059798eba628e,0.2.16,0
eth,0x82154e8b0053722e84815018d8475479aa5ae93b,0.3.3,0
eth,0xc601d5eb0058a55296329e56c4bab1afa903dd6b,0.3.3,0
eth,0x43b0f00f54ea866e4dfdfa770a4020c68c5e79d3,0.3.3,0
eth,0x330f88768a63f9c0c31676f2e3bac68b3451eba3,0.3.3,0
eth,0x47c8ef0efd40f258cd5edf241f1988e1ef04e112,0.2.16,0
eth,0xae0ec84d1b55fcf7b1902d864f1796bffaff4f95,0.2.16,0
eth,0xaba04e7fe37fc3808d601de4d65690e2889d7621,0.2.16,0
eth,0xe97a787420ed263583689bd35b7db1952a94710d,0.2.7,0
eth,0x88d35e2d28f87b68f89a5becbf708da31373e83e,0.3.3,0
eth,0xa2fb545e3d3991f2f854e31961227c2f38eba474,0.3.3,0
eth,0x45e3bec7d139cd8ed7feb161f3b094688ddb0c20,0.2.15,0
eth,0x39fb11e46c52f530962b58b7d3585ea4039a72d7,0.3.3,0
eth,0x617408c93108e1830f27cd532b7c3e393652295a,0.3.1,0
eth,0x7316947ca6ee0902ee45d42ea5946e15964f5b73,0.3.3,0
eth,0x530e623deefe91076ec9b65bcc9ce2013f3ab539,0.3.3,0
eth,0x008eb46cdc6651eee592ee23fe4b121daebfbb18,0.2.7,0
eth,0xe544483cfadeef714bc0c5f99985756c43c24b0e,0.2.12,0
eth,0xcb08717451aae9ef950a2524e33b6dcaba60147b,0.3.1,0
eth,0x12a8865194a29571958711764f8faacd568e20fa,0.2.16,0
eth,0x6070fbd4e608ee5391189e7205d70cc4a274c017,0.2.16,0
eth,0xf18056bbd320e96a48e3fbf8bc061322531aac99,0.3.1,0
eth,0x271fbe8ab7f1fb262f81c77ea5303f03da9d3d6a,0.3.1,0
eth,0x5b8c598ef69e8eb97eb55b339a45dcf7bdc5c3a3,0.2.16,0
eth,0xdc892358d55d5ae1ec47a531130d62151eba36e5,0.3.1,0
eth,0xc8916e90f597d33848c496b62d603b64c7bbe9ba,0.3.1,0
eth,0x12dc10f72a64ce07d2b3d41420f2276f8c560919,0.3.1,0
eth,0xaf23adb205169a5df1db7321bf1a8d7dea2f8abd,0.3.1,0
eth,0x55c8de1ac17c1a937293416c9bce5789cbbf61d1,0.3.0,0
eth,0x1220cccdc9bba5cf626a84586c74d6f940932342,0.3.0,0
eth,0x29f3dd38db24d3935cf1bf841e6b2b461a3e5d92,0.2.16,0
eth,0x10dad929a9890b32db9a5d568b5953fca5826ac8,0.3.1,0
eth,0xce0f6cf626e4ee9e3ebee677216fc48f28d54dbe,0.2.12,0
eth,0x40c5fb9bf63e30364646022b04ebc1c6ee13869a,0.2.12,0
eth,0x2bddd525da2ae4916d468112acc9450788270cd4,0.2.12,0
eth,0x1a12222299792bf0bd40e9e7bd87ba460ca7c15b,0.2.12,0
eth,0xe53851c18e01ca5f8537246f37fb7de048619892,0.3.1,0
eth,0x98638facf9a3865cd033f36548713183f6996122,0.3.1,9546046289022515315
eth,0x3451d644e6d164889cda6eb779cf5ac120c2dd33,0.2.12,0
eth,0x96b1be20543f0df56d731328b23a7aa06d038a12,0.2.16,0
eth,0xc08550a4cc5333f40e593ecc4c4724808085d304,0.3.1,0
eth,0x4dcb5571024d14f017b99a7d3cedef670d4718c4,0.2.16,0
eth,0xff351a4a9840e3f47f0844dbe93c8e48bf1439c9,0.3.1,0
eth,0x0627054d17eae63ec23c6d8b07d8db7a66ffd45a,0.2.12,0
eth,0x2fc52c61fb0c03489649311989ce2689d93dc1a2,0.2.15,0
eth,0xd96877ce3771c0504f0643a98f7646ce2226543f,0.2.15,0
eth,0x98182bf525a4252c436ac349a4b79c7e6cd0eb7a,0.2.15,0
eth,0x7ea7174dd0cb4ab84f42177f01e9a8a79475d381,0.2.15,0
eth,0x09c4b30aaf16f96c7b086ce5692418420ebf6f08,0.2.12,0
eth,0xe5576eb1dd4aa524d67cf9a32c8742540252b6f4,0.2.15,0
eth,0x3c856adf10c12071c2213715e53dbb06a3b333b3,0.2.15,0
eth,0xb7befa764a7101d5e8267fb37b4c1d86ddf4d5ef,0.2.12,0
eth,0xe32421a4e0544f7a25f006901167cf2310d3b86f,0.2.15,0
eth,0x4486835e0c567a320c0636d8f6e6e6679a46a271,0.2.15,0
eth,0xb3c68d69e95b095ab4b33b4cb67dbc0fbf3edf56,0.2.15,0
eth,0xd4409b8d17d5d49a7ed9ae734b0e8edba29b9ffa,0.2.15,0
eth,0xc29c28132a5b84d38d17660f0580aa6addb5a837,0.2.15,0
eth,0xb00aa15f78a278be2fcb2aa7de899f3f863780f8,0.2.12,0
eth,0x7f75d72886d6a8677321e5602d18948abcb4281a,0.2.12,0
eth,0xc306a5ef4b990a7f2b3bc2680e022e6a84d75fc1,0.2.12,0
eth,0x634b0273d7060313faa60f96705116c9de50fa1f,0.2.12,0
eth,0xd8b712d29381748db89c36bca0138d7c75866ddf,0.2.15,0
eth,0x99d0f7d0ec94ff01a3d9534bffdabf9b7d86cfed,0.2.12,0
eth,0x2d836830cf31cbf7a32860a3bd0be44b61f06d32,0.2.11,0
eth,0x5eb35daf9ef97e9e8cc33c486bad884a62cae9ce,0.2.12,0
eth,0xd5794ea7b269db3a0ccb396774cc2d0936ffbd86,0.2.15,0
eth,0x20d5d319c2964ecb52e1b006a4c059b7f6d6ad0a,0.2.8,0
eth,0x468a7bf78f11da82c90b17a93adb7b14999af5ab,0.2.12,0
eth,0x1dd909cddf3dbe61ac08112dc0fdf2ab949f79d8,0.2.12,0
eth,0xfbbfa5fd64246046e683c423aa2ab0470fbd328d,0.2.15,0
eth,0x520b78e8dc48157b2f13edd519a2f8f2f101db80,0.2.7,0
eth,0x9bf8757d33e20713d3fa61c889c892b00f3b3b6e,0.2.12,0
eth,0x2ee80614ccbc5e28654324a66a396458fa5cd7cc,0.2.12,0
eth,0xe82225ba6bed28406912522f01c7102dd9f07e78,0.2.12,0
eth,0x8e0c00ed546602fd9927df742bbabf726d5b0d16,0.2.15,0
eth,0xde07f45688cb6cfaac398c1485860e186d55996d,0.2.12,0
eth,0x0ea89fb2e5b8fa8f14b741ffe1a4617a32611dfc,0.2.15,0
eth,0x06bd222a120c94a015160b5ec01ba935dd2abccf,0.2.11,0
eth,0x918014681a92d50afd2801571f678dd8f8800851,0.3.3,0
eth,0x6c5b8b81fd1d42337b5996ebd6d4d2b89c979d83,0.3.3,0
eth,0x82688b590458660907c3b738487a4d5a3bf90952,0.3.3,0
eth,0xf9d4c602b2adc63a81f8d2ed98791ffb025cacc9,0.3.3,0
eth,0x51669dd283120969b6e4c0798e065d433145def2,0.2.15,0
eth,0x39669bb345cc67aafca36f510ffe4467fe0623c1,0.2.8,0
eth,0x03fc9de6032bb1da7179957dbf97dde13fa68114,0.2.15,0
eth,0x109b0e91144dbd06bd1d253d7d9200b39ef89757,0.3.1,0
eth,0xfaf18d150fd1f031d1c7accb0a1cd93e67149597,0.2.12,0
eth,0xa202acfae9a2d7ffbfc97a3cc096b6cd8c3567fd,0.3.1,0
eth,0xf0f2144dc66999e1dc282421ce41bf6c14635593,0.3.1,0
eth,0xf4816ddd8c8ec4ab982ea10a3020eb0d4bf1b6e4,0.2.7,0
eth,0x0b80605a7634646925414990944b3353c164d6fd,0.2.8,0
eth,0x40845ca9163c944a40293f94a989de07183815c5,0.3.1,0
eth,0x5c93df5d2ed53a34da2525b50de995e43a08dcf9,0.3.1,0
eth,0xa9b2f5ce3aae7374a62313473a74c98baa7fa70e,0.2.8,0
eth,0x50161102a240b1456d770dbb55c76d8dc2d160aa,0.3.1,0
eth,0x0e58e2faf95d9c9cb5cc05b7e264401a4f259a7b,0.2.12,0
eth,0x6850619ffa555d20a6d064cd06f94ea390e01f0c,0.2.12,0
eth,0x64e77b516ae816670988b86329ae298bc6f00f59,0.2.12,0
eth,0x7e1444ba99dcdffe8fbdb42c02f0005d14f13be1,0.2.16,0
eth,0x5774dbecf0e1ebfd9b4f5d3dc178a00ab506c588,0.2.15,0
eth,0x175bd66937e60de3cbf972d4f53a63861ca0be37,0.2.4,0
eth,0x58807e624b9953c2279e0efae5edcf9c7da08c7b,0.2.4,0
eth,0x0d84b44c4af7142a8c9da489dc2a8a2d5813492a,0.2.7,0
eth,0xf3bc8fabcfc368b52ec18016d6ca8ab8967c550a,0.2.7,0
eth,0x6a816cee105a9409d8df0a83d8eeaed9eb4309fe,0.2.4,0
eth,0x90a460b2db6fb68a327a5ba928d520495f533fde,0.2.15,0
eth,0xb576491f1e6e5e62f1d8f26062ee822b40b0e0d4,0.3.1,4931638021690414379929
eth,0x66ec719045bbd62db5ebb11184c18237d3cc2e62,0.2.16,0
eth,0xf3d4f59b6450382baf55682ac98f2ef1ed1950d9,0.3.1,0
eth,0x44c7a35ecb0cf37a3d6fb38b4085d9328658e01d,0.3.1,0
eth,0x98c371567b8a196518dcb4a4383387a2c7339382,0.3.1,0
eth,0x8913eab16a302de3e498bba39940e7a55c0b9325,0.3.1,0
eth,0x5b0655f938a72052c46d2e94d206ccb6ff625a3a,0.3.1,0
eth,0x0acca1bd515c191e1a4a81aa406dca1e75cefd76,0.2.16,0
eth,0x93c951d3281cc79e9fe1b1c87e50693d202f4c17,0.2.16,0
eth,0x75f8f7fa4b6da6de9f4fe972c811b778cefce882,0.2.16,0
eth,0xed8ffef5641c4b80f0e9f724fef12e03eeabd5e6,0.2.16,0
eth,0xe00a6eaa9a57817bac374ba714dbef07d6834b7b,0.2.16,0
eth,0xd00fdb7d5ca2728aeb92dbc360fe322c4b096371,0.3.1,0
eth,0x193aa48700744879deba4cd5d44604466906cff8,0.3.1,0
eth,0x714e3bcddbdc2045bd3be35c8642885470b25b11,0.3.1,0
eth,0x3be5f25b47233d0c5293ddc0848e1da9399ebbd9,0.2.8,0
eth,0x13fc868d6571b8a9371e70c4e404342deec0f2ac,0.3.1,0
eth,0x4e079dca26a4fe2586928c1319b20b1bf9f9be72,0.3.1,0
eth,0x9947117ca458385e9ac1b3088f43612846e5251b,0.2.8,0
eth,0x01b36ff7d81b84487d5659c7857cba8b4bb62ca1,0.3.0,0
eth,0x7b552fd9cf50446d50163f876f23e8756b06fa00,0.2.8,0
eth,0xf976c9bc0e16b250e0b1523cffaa9e4c07bc5c8a,0.2.12,0
eth,0x98d6afda3a488bb8b080c66009326466e986d583,0.2.12,0
eth,0x379555965fcdba7a40e8b5b5ef4786f51adeef31,0.2.12,0
eth,0x79ea17bee0a8dcb900737e8caa247c8358a5dfa1,0.2.8,0
eth,0x06288754f31d100039b21e62a429e4b81e56b626,0.2.12,0
eth,0x3704cebf62205f59cdcb3713c98433826a4d2ac8,0.2.12,0
eth,0x4d0518c9136025903751209ddddf6c67067357b1,0.2.4,0
eth,0xc8465d6af86cbfd30abcde4b966b155d103d7c11,0.2.8,0
eth,0x4a4d7868390ef5cac51cda262888f34bd3025c3f,0.2.15,0
eth,0x9b52f13df69d79ec5aab6d1ace3157d29b409cc3,0.2.15,0
eth,0x2bdfd3de0ff23373b621cdad0ad3df1580efe701,0.2.12,0
eth,0xfb27310beda96af0005e9ab2f029a088740da180,0.2.12,0
eth,0x7b64b0116fb2d7f80392173bb21c2dc1143d6bdd,0.2.12,0
eth,0xc4832c5ad6dea802f6730970cc2b43276071d403,0.2.12,0
eth,0x213be373fdff327658139c7df330817dad2d5bbe,0.2.15,0
eth,0x5b3fe75ec5eaad2ec0fff91a305783f29b2e2c53,0.3.3,0
eth,0x5c2eec102d8d49f3a53664877b70c274aa065c31,0.3.3,0
eth,0x5f389b28794e2451b319d802c0fa0ba800be4062,0.3.3,0
eth,0xf57bd6ac7d4f4d95cf80a7957729abfc4590cee7,0.3.3,0
eth,0x2571671189b08385752b9db438f463cbf0550af8,0.2.8,0
eth,0xa770697ceca9af6584aa59dd9f226eaf6cd0c2dc,0.2.8,0
eth,0xb71cb916c96fc86fa570ffde974cca8b8915defe,0.3.1,0
eth,0x2c1b89e799bfe4774cb42996971aaac319d027e3,0.2.8,0
eth,0x0129c6f26ba8ab0f9575ffe2c0678253a5de930d,0.2.8,0
eth,0xa0dabebaad1b243bbb243f933013d560819eb66f,0.3.1,0
eth,0x3ac91a7a2d30fa25ada4616d337a28ea988988be,0.2.8,0
eth,0x1763be58d77e515fe6520b36bef882f28b9222da,0.3.3,0
eth,0x12df53d26cd991a5e7bafa3bceec06a1cf833435,0.2.7,0
eth,0x5a8fdc979ba9b6179916404414f7ba4d8b77c8a1,0.3.1,0
eth,0xf7def1d2fbda6b74bee7452fdf7894da9201065d,0.2.4,0
eth,0x2e158e00cecfb08949b63b4abb756bd4d79463ba,0.3.1,0
eth,0x5e163883af0ebeb7a73850d3ae673279e4e2a71a,0.2.4,0
eth,0xdbfb227d9902207bc33be168ed0ee64dffe20b73,0.2.4,0
eth,0x5352efb4bccec5dfbe122864af94c282ea566964,0.2.4,0
eth,0xb84ceb52c73bfb1cbc417b6c45a496777a57ec92,0.2.4,0
eth,0x0756ed4da8e63cce4ed70ed269dbad5154143b12,0.2.4,0
eth,0x5c62d77e243b65894e8c72abab8b47710e931529,0.2.16,0
eth,0x3db92c9df40458a2d7a8d7f551097342dd14d092,0.2.16,0
eth,0xb983c7493c0e3ca55b4f902e05888e96017fb80f,0.2.4,0
eth,0xee88c0bad3471b15f5a4ea651c5e715986e1c3e3,0.2.4,0
eth,0x4cad76bb7d7ee4ca1b360a5ac974195a373932cf,0.2.12,0
eth,0x94555c8be71545adff49ca1bb95f4debaf720f15,0.2.12,0
eth,0xda42dec00f7a11a325daf53a144c041afb5ad448,0.2.12,0
eth,0xb6881e8b21a3cd6d23c4f90724e26e35bb8980be,0.2.16,0
eth,0x9e56512566236b8872b5798c8cb3a2b1a572a16c,0.2.7,0
eth,0x76c6f14efdf3c755308a14db2ce22e309297ba45,0.2.15,0
eth,0x3264834ada73a8b0b132ee52fd5a367cf60e86c6,0.2.7,0
eth,0x9044e12fb1732f88ed0c93cfa5e9bb9bd2990ce5,0.2.16,0
eth,0xbd7b70b846320f30d2e3169cb1ccfc64f1bb63fa,0.2.4,0
eth,0xe6802d5445279f7e1a6c408bdc379b77eefa544a,0.2.12,0
eth,0x17a53f3fd97232816ff3e1a8cb10fdf963d71bfa,0.2.12,0
eth,0x260e4fbb13dd91e187ae992c3435d0cf97172316,0.2.15,0
eth,0x7859f9187837f99fc4a75f86b2afe61314f21ee4,0.2.15,0
eth,0xc2708a3a4ba7f64bddc1a49f92f941bc77cad23a,0.2.15,0
eth,0x607b34b17f32c96b006913ee93af8055983bc8e8,0.2.15,0
eth,0xa70b9cce443550596b561e94dde95458615c7894,0.2.15,0
eth,0xd2a77d9c18d9e867b42d5363825c5af7176f0470,0.2.15,0
eth,0xf29ce7564aeb3996ae170fe8362a4aa92d408d6d,0.2.15,0
eth,0x0f7cd0e51ec3a904cee55098f68ea0c1cb2596dc,0.2.15,0
eth,0x977507e3b4a63bce87a777e7602949480631be67,0.2.15,0
eth,0x6c395dfdac7114df5a6db8f5628d5f9a8f212053,0.2.15,0
eth,0xfc3a1c092b2d8257955cf0b2586164c0640cb517,0.2.11,0
eth,0x44a2491c8b7fffce87e2c6e490fa1db290eb511f,0.2.12,0
eth,0xcb11650fa0a9ff442470f6d2dcf561d98952230c,0.2.16,0
eth,0xd91f707c63a5d6a95efcbde7b6c95cde0a233d87,0.2.16,0
eth,0x2565d67455c130b4fc666f278aac6f454ba1e45d,0.2.12,0
eth,0x82a30c652813914556b7ec3b272a6db4f09b7d42,0.2.12,0
eth,0x2398bb7dccdaa6a5bbe396250b8d38ad10d391d0,0.2.12,0
eth,0x2a817c8d0113aa21dc51e614baf0ef3929cd273a,0.2.12,0
eth,0x312943eb513cdc4746d73f6cbd2e31b7283d1109,0.2.12,0
eth,0x18931772adb90e7f214b6cbc78ddd6e0f090d4b1,0.2.15,0
eth,0x28134a375402401942ca86fe4d3c3cd4565d720f,0.2.15,0
eth,0xaec7cf7f691e0d9e394668280a9a6d86e9f8cb30,0.2.15,0
eth,0xaad072e917d97011eb3d7e7bce953bde9227c21e,0.3.0,0
eth,0xb4eb45443d525149410ee69400c0956a7e89b82e,0.2.15,0
eth,0x65ca7dc5cb661fc58de57b1e1af404649a27ad35,0.2.16,0
eth,0xd4260b2781e2460f49db746112bb592ba3fb6382,0.2.7,0
eth,0x8301ae4fc9c624d1d396cbdaa1ed877821d7c511,0.3.0,421555874411469814023
eth,0x618788357d0ebd8a37e763adab3bc575d54c2c7d,0.2.12,0
eth,0x1f11dcc68f5211d6c2acac20fb2a2ca0d6f16be0,0.2.8,0
eth,0x3d229e1b4faab62f621ef2f6a610961f7bd7b23b,0.3.0,0
eth,0x98a7f18d4e56cfe84e3d081b40001b3d5bd3eb8b,0.3.0,0
eth,0xce4abec8de55c946c5378e42790be127737a973d,0.2.12,0
eth,0xaf78381216a8ecc7ad5957f3cd12a431500e0b0d,0.2.12,0
eth,0x1cebdb0856dd985fae9b8fea2262469360b8a3a6,0.2.16,0
eth,0x12df80d882d415414cde3154e06d260fb4d5ccaf,0.2.4,0
eth,0x47b3262c96bb55a8d2e4f8e3fed29d2eab6db6e9,0.3.3,0
eth,0xa886583c4e4a9878ecd649924c32a64f2e92c4e0,0.2.16,0
eth,0xb9cd9979718e7e4c341d8d99da3f1290c908fbdd,0.3.1,0
eth,0xdb2b9398e90d1009bfd2c7f4adb84b3df68b7d77,0.3.1,0
eth,0x1aaea3b80b4e035d55e635b9b16b24e136a663db,0.2.16,0
eth,0x1cfe7a61571daeb44bd997c877884ea3eea8712f,0.2.12,0
eth,0xced78da2c749236309774d7415236b7090b3bf27,0.3.1,0
eth,0x7ca919cf060d95b3a51178d9b1bcb1f324c8b693,0.2.15,0
eth,0x41653c7af834f895db778b1a31ef4f68be48c37c,0.2.15,0
eth,0x8cc001dd6c9f8370db99c1e098e13215377ecb95,0.2.15,0
eth,0x4c125d52941e74a2213ad04fb92c38c0d6d7459b,0.2.4,0
eth,0x5c39725504a8f605e22ba0d5ada3c960bb42a5ad,0.2.4,0
eth,0x201798b679859ddf129651d6b58a5c32527ea04c,0.3.3,0
eth,0x53911fc94e809f707251edcf5bb5aee8445ec3d2,0.3.1,0
eth,0x256c54219816603bb8327f9019533b020a76e936,0.2.7,0
eth,0xc768edf2d21fe00ef5804a7caa775e877e65a70e,0.3.1,0
eth,0xe86bf3b0d3a20444de7c78932ace6e5effe92379,0.2.4,0
eth,0x0fb2336c7493f296ebeeb84360e585e63626bad7,0.3.3,0
eth,0x9f99fde2ed3997eafe52b78e3981b349fd2eb8c9,0.3.3,0
eth,0x6fa906c1db4575fecf71beb1dfde16b419587208,0.3.3,0
eth,0xf758be28e93672d1a8482be15eaf21aa5450f979,0.3.1,0
eth,0x4aa2afd5616beec2321a9efd7349400d4f18566a,0.3.1,0
eth,0x71c0ddbf6da72a67c29529d6f67f97c00c4751d5,0.3.3,0
eth,0xb992e8e1943f40f89301ab89a5c254f567af5b63,0.3.1,0
eth,0x41cbe889f0ddfeb66ce576d4c54217519cbb9d4d,0.3.3,0
eth,0xb80287c110a76e4bbf0315337dbc8d98d7de25db,0.2.12,0
eth,0x042815d6fe33152c123059c0e2be77404769b9c8,0.2.12,0
eth,0x6b5020a88669b0320fab5f2771bc35401b0da6cc,0.2.12,0
eth,0xd6efcdc97452ab05b7b4ca61725f48539a5844a3,0.2.12,0
eth,0x90c0d53f6d74aa88243c53052bdad7e7b1623af3,0.3.1,0
eth,0x2e96068b3d5b5bae3d7515da4a1d2e52d08a2647,0.3.1,0
eth,0x3b8ca519122cdd8efb272b0d3085453404b25bd0,0.3.1,0
eth,0xc128a9954e6c874ea3d62ce62b468ba073093f25,0.3.1,0
eth,0xa84b663837d94ec41b0f99903f37e1d69af9ed3e,0.3.1,0
eth,0x28bf9ddd8db9bdd3a79121095be966054aa31e6b,0.3.1,0
eth,0xabd5e3888ffb552946fc61cf4c816a73feaee42e,0.2.15,0
eth,0xc128468b7ce63ea702c1f104d55a2566b13d3abd,0.3.1,0
eth,0xac69078141f76a1e257ee889920d02cc547d632f,0.2.15,0
eth,0x21dda17dff89ef635964cd3910d167d562112f57,0.2.15,0
eth,0x30a047d720f735ad27ad384ec77c36a4084df63e,0.2.15,0
eth,0xdfb27f2fd160166dbeb57aeb022b9eb85ea4611c,0.2.15,0
eth,0xfa1cdc5ce76d6843539434596e8b8919655c9014,0.3.1,0
eth,0x44a41fe82c9539c1aadabee5b9c3f327eba5c8a3,0.3.1,0
eth,0xb496ff44746a8693a060fafd984da41b253f6790,0.3.1,0
eth,0xa382dba5eb342c8398cdc85d0904b95a232aa498,0.3.3,0
eth,0x9a931154a2d10b59b328e20d5c42b91775101c39,0.3.3,0
eth,0xf0f8628d496782d6a9c724f047d14b4fc2569ea1,0.3.3,0
eth,0xcb61585c804c1276efb24d4e1896a82535d3e067,0.3.1,0
eth,0xb93427b83573c8f27a08a909045c3e809610411a,0.2.16,0
eth,0xb61915609e6dc7a7261b678073c53bac5875a8b4,0.2.16,0
eth,0xe9f20140eb23a9d0ad2b2353f2fbe370203f3082,0.3.3,0
eth,0xdcef968d416a41cdac0ed8702fac8128a64241a2,0.3.1,0
eth,0x9ac7dd81a1a749513e4f953d1c7eb3e237114575,0.3.1,0
eth,0xecebb5b9ebc11025493f9339f53d1ffb11e28825,0.2.16,0
eth,0xa25d679fbd010792d0f4e49f3365afc45100eb5f,0.2.16,0
eth,0x1f576f2021b6ebdf229750f54fdfd31206141e65,0.3.3,0
eth,0xfec3d72a822a77eca327a9178b586fe92e2954b3,0.3.3,0
eth,0xcfc25170633581bf896cb6cdee170e3e3aa59503,0.3.1,0
eth,0x3175df0976dfa876431c2e9ee6bc45b65d3473cc,0.2.16,0
eth,0x2ab18d3236e0a22d372281042c902d39045ef13e,0.2.16,0
eth,0xf646627a42abc55c327853f7d41db11180eaefe3,0.2.12,2222961917213392
eth,0x92c78461fe26c2e27a2fd6db62ce93c75c07a9a4,0.3.3,0
eth,0x6912c5fa16c9e9278a20234c00f3defbf21d77f6,0.3.3,0
eth,0x204bc4c4a33dcee4e52f0bc27f652ee7466d5aea,0.2.11,0
eth,0x3edbe670d03c4a71367deda78e73ea4f8d68f2e4,0.3.3,0
eth,0xe2fb9fbeadfc3577584c60a2f7fdf9933abed81a,0.3.3,0
eth,0xebac2e85e95c67ac0badc4defb58708de8f5c39b,0.3.3,0
eth,0x3be09dea9ca8b6205d05f196e9c68fc35190a514,0.2.15,0
eth,0x0101daca09d94e50cfbf49b4125408c119eaa39d,0.2.4,0
eth,0x6903223578806940bd3ff0c51f87aa43968424c8,0.3.3,0
eth,0xd1791428c38e25d459d5b01fb25e942d4ad83a25,0.3.3,0
eth,0x3b35a3f9163cf5733837c5b51b1df493c340f8e3,0.3.1,0
eth,0xb2ac3382da625eb41fc803b57743f941a484e2a6,0.3.1,0
eth,0xcff87237de72fb25342210c02b25983713b613fe,0.2.8,0
eth,0xa4e9161d11f023f7435e4539d081f4475c24eb58,0.3.3,83396504706144139
eth,0x70fc957eb90e37af82acdbd12675699797745f68,0.3.1,0
eth,0x97adc08fa1d849d2c48c5dcc1dab568b169b0267,0.3.3,0
eth,0x358fe82370a1b9adae2e3ad69d6cf9e503c96018,0.3.1,0
eth,0x2683190e31e8ce47467c98ff1dbc018acdd43c2f,0.3.1,0
eth,0x7b2025bf8c5ee8baad9da8c3e3ee45e96ed8b8ea,0.3.1,0
eth,0x17bde8ebf1e9fda85b9bd1a104266b394e9db33e,0.3.1,0
eth,0x702c1b8ec3a77009d5898e18da8f8959b6df2093,0.3.1,0
eth,0xc64f8a9fe7babeca66d3997c9d15558bf4817be3,0.3.1,0
eth,0xb79b4fcf7cb4a1c4064ff5b48f71a331880ab53a,0.3.1,0
eth,0x1511c31bba34f56ea68f54ecf2a76c3e0b47bb99,0.3.3,0
eth,0x4329c8f09725c0e3b6884c1dab1771bce17934f9,0.3.1,0
eth,0x104f44551386d603217450822443456229f73ae4,0.3.1,0
eth,0xd446a98f88e1d053d1f64986e3ed083bb1ab7e5a,0.3.3,0
eth,0x13ba45c2b686c6db7c2e28bd3a9e8edd24b894ed,0.3.1,0
eth,0x871fbd4e01012e2e8457346059e8c189d664dba4,0.3.0,0
eth,0x99cb6c36816de2131ef2626bb5def7e5cc8b9b14,0.3.1,0
eth,0xd2751cdbed54b87777e805be36670d7aeae73bb2,0.3.1,0
eth,0x2941f68fe10c16c8d710f4c51de91a82d7e89be2,0.2.8,0
eth,0x0101123614a13b0e1a8c0973dcae0735696aabd0,0.2.4,0
eth,0x99d99a4aaa2f012d61369242ec581a1682d615de,0.3.1,0
eth,0x7c765c474d231fd915dc78832b478f309071cba7,0.2.12,0
eth,0xbf8734c5a7b3e6d88aa0110bebb37844ac043d0a,0.2.12,0
eth,0x49b09e7e434a3a4a924a3b640cbba54bf93b5677,0.2.12,0
eth,0xb088d7c71ea9ebaed981c103fc3019b59950d2c9,0.2.12,0
eth,0x0349cf57bae5c0d9be56b9c478ea3797c7bcfddb,0.2.12,0
eth,0x5ae854b098727a9f1603a1e21c50d52dc834d846,0.2.15,0
eth,0x91bf381b418774f67b9af42c93b0d2a3aed74bd8,0.2.13,0
eth,0xdf60b2cc40afd588bf650977a2d6c6af39939f4c,0.2.12,0
eth,0x7f20551e082ba3e035f2890cbd1ec4e275b9c8c0,0.2.12,0
eth,0x9ce3018375d305ce3c3303a26ef62d3d2eb8561a,0.2.12,0
eth,0x84881b7f906551ac04f2bc3b4fb4dcf0903a0cd5,0.2.7,0
eth,0x4367751c896ea01ee7bc3683f1c2336de6238ad4,0.2.15,0
eth,0x9b21eb2e30d8320c3c1b8d8465284d78e58cb971,0.2.15,0
eth,0x9accb7983afcec1890377f625482a8c8958f24ba,0.2.15,0
eth,0x18ff3bd97739bf910cdcdb8d138976c6afdb4449,0.2.12,0
eth,0x1eb06eae3263a35619dc87812a8e7ec811b59e63,0.2.12,0
eth,0x9501b3a6dce1bbe6094356391f3992e08ee90e3a,0.2.12,0
eth,0xc7a60d14e4d8d1bbe7eefe2b03edd8d9d23cc332,0.2.12,0
eth,0x8ad4810b0ec62d78627c65b1ef19495e4204b7ee,0.2.12,0
eth,0x546c0b07bc01cb761c8fc15a6e4f84cbbd4e1d21,0.2.12,0
eth,0xa7b0c2e904d597b89b4bf91927a3b90459f8bb9e,0.2.8,0
eth,0x543e7ddfa005966254dd49494c5403b86488506b,0.2.8,0
eth,0x5441090c0401ee256b09deb35679ad175d1a0c97,0.2.12,0
eth,0xf13d35006e8a5d104afd004923ec4754a91cf1e2,0.2.7,0
eth,0x5dc3a30d8c5937f1529c3c93507c16d86a17072a,0.2.12,0
eth,0x8ef11c51a666c53aeeec504f120cd1435e451342,0.2.12,3708601509735895654
eth,0x1b0d41a65b82a17e33a7919a65e25496597c4022,0.2.13,0
eth,0xc620aafd6caa3cb7566e54176dd2ed1a81d05655,0.2.15,0
eth,0xe5c73653bd6b80eeccec1bcd2e6d6281232c62f9,0.2.15,0
eth,0x81bdc3a9d788729d563291770ce0368b8e2044fe,0.3.3,0
eth,0x9b05b035158aef52835a0d2f022c6250d1978b9d,0.3.1,0
eth,0x9098e25a09efa247eed07ced3b46546c5a6e58ad,0.3.1,0
eth,0x813aaa4e1aabb852f8fbbe8cad1c8672ba9b13e9,0.3.0,0
eth,0x473e803f023a3bb0081fdf4a2d80c14608a4ee4b,0.2.12,0
eth,0xd0921691c7debc698e6e372c6f74dc01fc9d3778,0.3.3,0
eth,0x9fd28d5610ad39bec5b273c4eeff3c40e6eed720,0.3.3,0
eth,0xa7c5ec902e5293e22539682e4258bffe60e7a02c,0.3.3,0
eth,0x754c6b47fb7e21e5bd074af738213d8db6735538,0.3.1,0
eth,0xfadf153420a7755aa254d4f6f07f39bd477464dd,0.3.1,0
eth,0x0b9c07f4b2a98a5dce6c97aeda0f0a24de629e19,0.3.1,0
eth,0x8982f213125c67937aac13dbc9c69f1787040687,0.3.3,0
eth,0x43fd047f1aac16631919de5d31882dd78c33b016,0.3.0,0
eth,0x47ca04ee05f167583122833abfb0f14ac5677ee4,0.3.3,0
eth,0xf24a69f260aaea69a1b034e224b1bad6232ef905,0.3.1,0
eth,0xc14b100ba900ff11ba7978ab93a3523f8d7f0d66,0.3.1,0
eth,0x277f763e2f87703386194e2a5b7e4f8ede49bb26,0.2.16,0
eth,0xc3836f3aca8befc5ed76fe7a3e7155134b8d9114,0.2.16,0
eth,0x2f5880e8a1b62e406c7eaef3b9f8a39c4d4e8810,0.3.0,0
eth,0xe73b8a36093850fc2d7029d678cee8ec482a79b3,0.3.1,0
eth,0x9b28d119cedea0a4552c4c1fdc8c19dabc5b977c,0.3.3,0
eth,0x7200dd17eae2b2ed70bd75152aa4edb35d3cb091,0.3.3,0
eth,0x0fc959eb8d202036032df8dba4ce391e342a1177,0.3.1,0
eth,0xc8a4b763b85e9919e0bb2c0bacbab6891ad8639a,0.3.1,0
eth,0xfa9a30350048b2bf66865ee20363067c66f67e58,0.2.16,0
eth,0x2ecb138b616986ae27ddeab468b74281666c7e4c,0.2.7,0
eth,0x3fd784232c8dfdb91b10d925e503c48a3635a5fd,0.2.12,0
eth,0xe05ae4a54350887f7cd910d8660cfa4a78ab6b03,0.2.15,0
eth,0x1af8ef20e0f447329933753baa28353efe21f534,0.2.4,0
eth,0x3459cfce9c0306eb1d5d0e2b78144c9fbd94c87b,0.2.15,0
eth,0xf5436129cf9d8fa2a1cb6e591347155276550635,0.2.15,0
eth,0x9f86c5142369b1ffd4223e5a2f2005fc66807894,0.2.16,0
eth,0xb9d18ab94cf61bb2bcebe6ac8ba8c19ff0cdb0ca,0.2.7,0
eth,0x749c5cf65ae67867628fd7eb1191b2c3866b839d,0.2.16,0
eth,0xde88f4559d620f0395d99b61414229458e53e5ac,0.2.16,0
eth,0xff17560d746f85674fe7629ce986e949602ef948,0.2.16,0
eth,0x3f213a59469744f18b91370501049ed60cb56fb7,0.2.12,0
eth,0x69b1e85b0c9a076e3fccb65e25626c5f98395712,0.2.12,0
eth,0x3048670b015154fbeea2f305bed23e2b99206076,0.2.4,0
eth,0xf0dbebf543eb1ec684c2b1cff6b7ece655275bdc,0.2.16,0
eth,0x4d9cb56dad986d497059a052af1df9249184a2e2,0.2.11,0
eth,0x631425924db96c018b9fe61648b4d4db042a1f73,0.2.4,0
eth,0xf3d43e3c79b41512689426115aa26939415f0ec3,0.2.4,0
eth,0x29adccf67821e9236b401df02080bac67f84192d,0.2.4,0
eth,0x2aec7ac045f62c233898220b8ce021ac008851b2,0.2.4,0
eth,0x31a24f4262cac507b88751f8464c61855803739a,0.2.4,0
eth,0x7b3c6c6fe3d8767049b514dc7f7c80d8721ab21c,0.2.15,0
eth,0xd2a7907aa30ceab962eaf98bc7cdc57e2570a498,0.2.16,0
eth,0x6a1302ed64ea19bdc0a08882ce8aca669ddc26a3,0.2.15,0
eth,0xa9d61326709b5c2d5897e0753998dff7f1e974fe,0.2.15,0
eth,0x6cb2e24c5bd68abab66070c7b48d237ab3c26484,0.2.12,0
eth,0x5b8df29404966e718238fd87013ea81b499accf6,0.2.4,0
eth,0x6875ce8f1edd02665b72accf8a152c5a5134914f,0.2.15,0
eth,0xe8b2989276e2ca8fdea2268e3551b2b4b2418950,0.2.16,0
eth,0x0f9f39f6aabc86c457901df26275c72de32b26a4,0.2.12,0
eth,0x5340d98fc1b473b01ef6d65fae8b8cb7284ff14a,0.2.12,0
eth,0x54b1d70fef0fdb2cf5679fd272f999966b4eb08c,0.2.4,0
eth,0x43632f3deeff5f22f171ad9eb9a662b4f8f262a3,0.2.12,0
eth,0x2127c8ff8467b1a368b85949c8490a400c8ad339,0.2.15,0
eth,0xa85461afc2deec01bda23b5cd267d51f765fba10,0.3.1,0
eth,0xb250a90dbf97e76316d3d421eec6b1dddf220bd6,0.3.1,0
eth,0xe09e56c778d24859aa12a731c430921ed811d38a,0.2.16,0
eth,0x7c24be3fc9a03bdaf87ffc15ec7860065b9da06d,0.2.16,0
eth,0xcd7db896aa0712049430d6b927bcb2660c2c54ed,0.3.1,0
eth,0x4f8961533290bd46080320171f287baf5a96d37f,0.2.12,0
eth,0x777cee2a757bd958939d3fbfd8af17aa5a34051d,0.2.12,0
eth,0x7f82ff050128e29fd89d85d01b93246f744e62a0,0.2.16,0
eth,0x29ec0d55b8f26298a5350c64f56281eb070bf47e,0.3.1,0
eth,0x9ad7e7b0877582e14c17702eecf49018dd6f2367,0.2.16,0
eth,0x752ebeb79963cf0732e9c0fec72a49fd1defaeac,0.3.1,357238089445687037366
eth,0x5ac53910dea4779e5ac3a7e997df8e9d5f6a7c9d,0.3.1,0
eth,0x52701bfa0599db6db2b2476075d9a2f4cb77dae3,0.2.16,0
eth,0x8f942c20d02befc377d41445793068908e2250d0,0.3.0,0
eth,0x02152d5edcdba56a55efee36ceb9d9f7e47aeb5f,0.3.1,0
eth,0xeef6288057f3f258bfc540d91462653dca3b2aac,0.3.1,0
eth,0xdc9eff7bb202fd60de3f049c7ec1efb08006261f,0.2.4,0
eth,0x3ce751da4a5a6fbf25a5ec19affb0b03828696e4,0.3.1,0
eth,0x8282bd15dca2ea2bdf24163e8f2781b30c43a2ef,0.3.1,0
eth,0x08380a4999be1a958e2abba07968d703c7a3027c,0.2.16,0
eth,0x02454e9dd8d8d49d4a20df27f5e1c3a51b4c1c27,0.3.1,0
eth,0x07ec288bd63625373c37edd9f5872e66eebfd35c,0.3.1,0
eth,0x37141f20895281d04f2a5b57dbaff4855daf9971,0.3.1,0
eth,0x0ce41af9dfa0d697da79dd30b8b73bf52a107499,0.3.1,0
eth,0x72de985c5af6f96f3be22784b5533218421e6394,0.3.1,0
eth,0xde44d3fb118e0f007f2c0d8fffe98b994383949a,0.3.1,0
eth,0x27e4502ca9feb91e245eb1159308ab3165962355,0.3.1,0
eth,0x455474c219af722bf320a6bc3cebde9390ab029e,0.3.1,0
eth,0x8f195979f7af6c500b4688e492d07036c730c1b2,0.2.15,0
eth,0x953693dcb2e9ddc0c1398c1b540b81b63cea5e16,0.3.1,0
eth,0x4a49de2df7529529b25178cd1e982ab8320a7139,0.3.1,0
eth,0xb859858b05d46a7bd051b759de3006e847fe411c,0.3.3,0
eth,0x88801045a17cec372c6c484a35e57cd345f0addc,0.3.3,0
eth,0xac0013b9a74a90aaa8808282e0dd20496f998873,0.3.3,0
eth,0x0c1fcff2611acc11b5cea8243f4397d6111e84ba,0.2.12,0
eth,0xb2affa4d80ce04de31892472c9083466cc2bbd48,0.3.1,0
eth,0x84392cd461edce6d904b1a8569e421aac2e308f7,0.3.1,0
eth,0xead482da0793b00bbae0e34c8cfae6daf29a44b2,0.3.1,0
eth,0x3b3fd36086b680932cc1560fdcc4a9f474bec55a,0.3.1,0
eth,0x7620527fd09af964cdef936286091c636fc3b242,0.3.3,0
eth,0x0c3310b0b57b86d376040b755f94a925f39c4320,0.2.15,0
eth,0x4c5b34ff2e13c495d24ec86e0ef147108eec28d1,0.3.3,0
eth,0xc4763c35569f7ce0ce42b30edebfc5bc80eb96b4,0.3.1,0
eth,0xe4c09928d834cd58d233cd77b5af3545484b4968,0.3.1,0
eth,0xb3ad645db386d7f6d753b2b9c3f4b853da6890b8,0.3.1,0
eth,0xa8a9699161f266f7e79080ca0b65210820be8732,0.3.1,0
eth,0x07be9bb2b1789b8f5b2f9345f18378a8b036a171,0.2.12,0
eth,0x9336da074c4f585a8b59a8c2b77a32b630cde5a1,0.3.1,0
eth,0xc04ac4a3a0a155c3b36e5060417b683169b989ec,0.2.16,0
eth,0x93f113a68f84490236366e3ba3f4f77a929fde84,0.3.1,0
eth,0xd754492dc12fdea93c49e88c0437ace2e7cd1c14,0.3.1,0
eth,0xd67bdbeff01fc492f1864e61756e5fbb3f173506,0.2.16,0
eth,0xabc000d88f23bb45525e447528dbf656a9d55bf5,0.3.1,0
eth,0x440701ca5817b5847438da2ec2ca3b9fdbf37dfa,0.3.0,0
eth,0x0cb9cc35cefa5622e8d25af36dd56de142ef6415,0.3.1,0
eth,0xd51036655fcb42e0143e1ffce90ff9b34a60571b,0.2.12,0
eth,0x91c5998a0a1a8741f11a311ce45c1154dc589eaf,0.2.8,0
eth,0x8e44db7cd5eab85b943d96645cc9cc1d620534b4,0.2.7,0
eth,0xa2b078c8e3bd5ab9aa94222b08223ee07ee348fc,0.2.7,0
eth,0xbdfda89bbab1b7e07e5f9ae2dc5509fe52046f35,0.3.3,0
eth,0xbb1988ab99d4839af8b6c94853b890307770e48b,0.3.3,0
eth,0x56eda719d82ae45cbb87b7030d3fb485685bea45,0.2.16,0
eth,0x66b4c0daa0c65ed1eae84b4d738b9572a79389c4,0.2.8,0
eth,0x4aacf35761d06aa7142b9326612a42a2b9170e33,0.3.0,0
eth,0x073abff94d27dd6dc1fd699b61f51e9552631c3f,0.3.0,0
eth,0xcb636b81743bb8a7f1e355debb7d33b07009cccc,0.2.12,0
eth,0x7db530c90ce1a2803911d85b380b83adbe8aeb56,0.2.12,0
eth,0xe038ec0651c5e554b65d4072188d5a7e3b976af0,0.2.12,0
eth,0x39eac46a11d7f5111652fc9ebdfb5f8e737c2bb5,0.3.0,0
eth,0xf953600c4714e7d13609e1939d40ac29f8a047c8,0.2.12,0
eth,0xfe0452d743fd23614503e629e37d607f24f0b19d,0.2.12,0
eth,0xf961c01d95050a152f9d79cc1c3154ace14284f6,0.2.12,0
eth,0xa79e803fffe9da37477ddafd7c6f3dbdca1c566c,0.2.16,0
eth,0x9a4a2a2e8f755b77eb512e8a8fe635b803950d51,0.2.8,0
eth,0x60fd915b2251dec19c57edd75b0a688ea0a3bfe5,0.2.8,0
eth,0x6ba5b4e438fa0aaf7c1bd179285af65d13bd3d90,0.2.12,0
eth,0xed4064f376cb8d68f770fb1ff088a3d0f3ff5c4d,0.3.0,0
eth,0xfe625167bd77c6a520e093c4d2d065355a1e2e93,0.3.0,0
eth,0xc64f268bd8075b3222a508d7869e9c600be7c47f,0.3.0,0
eth,0x2bb4a6e10c0fbaacff4f76e9fe029b71092db1bb,0.3.0,0
eth,0xbba4b444fd10302251d9f5797e763b0d912286a1,0.2.16,0
eth,0x9aa02011a90736176f9cdc38ff4d1ed7c90309b6,0.2.8,0
eth,0xe4c64ba6a65b7915ca34d6ba7a52d41544069527,0.3.0,0
eth,0x2ef1bc1961d3209e5743c91cd3fbfa0d08656bc3,0.3.0,0
eth,0x84b6532a366c9ea7000ed618b9e957defc355242,0.2.8,0
eth,0x17f9f0dac5066d43d0875fa08e5757580bbf4c8c,0.2.8,0
eth,0x951e7726d70017e56756a6807886113708a699fb,0.2.8,0
eth,0x2f4ce65c1787a68e66ed8077cf1d522d468cdc8a,0.3.3,0
eth,0x73b435a3e9a6c6485e912ebf44214adb9e08f5d5,0.3.3,0
eth,0xf7fda6f5bb9302de9ad6f2c0932ee2ffa3266ea1,0.2.12,0
eth,0x444de2daee08bcce6da653aee9824da8559405c4,0.2.12,0
eth,0x0e3986c0d4880636671bb345a6e6b479e2078406,0.2.12,0
eth,0x4d780a6646d5b696298a0c34a859db79bfbbb479,0.2.15,0
eth,0x74dc0dd30cefecc0b7b801f06a2a488227ba2e3f,0.2.15,0
eth,0x5aca01cfb511f9882cbd6bc245b49d9313c97f5c,0.3.1,0
eth,0x67f8df125b796b05895a6dc8ecf944b9556ecb0b,0.3.3,0
eth,0x99a58482bd75cbab83b27ec03ca68ff489b5788f,0.3.3,0
eth,0x1e2e2ff0993be50da009abbb5b2ed0ba51b3cc57,0.3.1,0
eth,0xf3d0c8b5aba697ec96a57d90dd50286a67411226,0.3.3,0
eth,0x411e140da9aece566c783c38eac9c4a1ed846f29,0.3.3,0
eth,0x152c20c0e3007f46c922b6abdef65230c7ffa216,0.3.3,0
eth,0x48f8b10a63756bea3bbd7d4a24f3d3419f417f08,0.3.3,0
eth,0xa14492ebafcbcd3451ec25a8a4b38b80d399973a,0.2.12,0
eth,0x77a8fac35137ef781291119d20271430fd48585d,0.3.1,0
eth,0x3c8e60dcc695f0b23f4ca2be841a93e8fca99c29,0.2.15,0
eth,0xe7ca9be54e9b7521a312ddfb98a8d5398904d50e,0.2.15,0
eth,0xc89606a8eb9cc94c88bc6ea8bd5839850f0a43ab,0.3.1,0
eth,0x4b4c1142f599cb8dba4fd75c1ad7294cbe68b93c,0.3.1,0
eth,0x5c2de82854b6aed4086243254a4dc7f6ba738777,0.2.12,0
eth,0xc1939036863d4fb30cc4f279bd41643aba0b5b0f,0.2.15,0
eth,0xb4dd1a159b00e658f028b1b44161fbba6d31aa0d,0.2.15,0
eth,0xfe2ba8e5892022b1cecd4433c3ae948c51819d3c,0.3.1,0
eth,0x5f87447cfe7819170827f714483af1e1ff698b11,0.2.12,0
eth,0x73e79436f9ff207af68527955d88e81bd64551b9,0.3.1,0
eth,0x4a4ffbf6bb68b976d2115d4522f74198017541ce,0.2.15,0
eth,0x628e124f760b6ca46c26baab3a674f28fb645669,0.2.15,0
eth,0xfee0e161b5f949deba617ecf60c3aba18de36fbd,0.3.1,0
eth,0x54cdeebe729d799c9875004fb20f182ef0c60c7e,0.3.3,0
eth,0xa2cc01d7490b08b4e8c4bad68babe12fa85b9b20,0.3.3,0
eth,0xdb24631180dbdbd8e80188b98ce0bdb7af5a9237,0.3.3,0
eth,0xa05e565ca0a103fcd999c7a7b8de7bd15d5f6505,0.2.15,0
eth,0xecaaecd9d2193900b424774133b1f51ae0f29d9e,0.2.16,0
eth,0x40fd58d44cfe63e8517c9bb3ac98676838ea56a8,0.2.16,0
eth,0x18e6c923d57a1378b6addc473a59b40d031069ec,0.2.15,0
eth,0x6b63486514683299f2827068f42f3e248eee25bd,0.2.12,0
eth,0x5f0a9f3c72e8e38a0c3d95d07533ca1a4b449a44,0.2.12,0
eth,0x48ddd27a4d54cd3e8c34f34f7e66e998442dbce3,0.2.15,0
eth,0x152c35391f9dfde61e277ba632cb4b45ef68ca29,0.2.12,0
eth,0x9f2138ccb930f0654b2c40e7e29ff8291452eed8,0.2.15,0
eth,0x4fd86ce7ecea88f7e0aa78dc12625996fb3a04bc,0.2.16,0
eth,0x9838eccc42659fa8aa7daf2ad134b53984c9427b,0.3.0,0
eth,0xe1eb242ed10cb83ec1ebf8f98c2ba098bd65243f,0.2.12,0
eth,0xc5fa220347375ac4f91f9e4a4aab362f22801504,0.3.1,0
eth,0x1b3e14157ed33f60668f2103bcd5db39a1573e5b,0.2.16,0
eth,0x62ae88697782f474b2537b890733cc15d3e01f1d,0.3.0,0
eth,0xc2ea7878ac0a32d2860e8200892db875a1bc1a7e,0.2.4,0
eth,0x683bc4482f16b33ce63151934378038e038a88be,0.2.15,0
eth,0x6021d8e7537d68bcec9a438b2c134c24cbcc1ce3,0.2.4,0
eth,0x1005f7406f32a61bd760cfa14accd2737913d546,0.3.1,0
eth,0x9f330db38caaae5b61b410e2f0aad63fff2109d8,0.3.1,0
eth,0x4e0915c88bc70750d68c481540f081fefaf22273,0.3.1,0
eth,0xb5e746af9ef99570df97380c5601ede0011f25a1,0.3.3,0
eth,0xbd760296c54e7c910d0f181b92ad704ff109fa01,0.3.3,588000000000000000
eth,0xb07df87544e3e8327a18cd576fab678bf90df0a6,0.2.16,0
eth,0xf8b8db73db0c3f4ff0d633836e939db23847ca1e,0.3.0,0
eth,0x354743132e75e417344bcfdded6a045140556414,0.2.16,0
eth,0x2bea05307b42707be6cce7a16d700a06ff93a29d,0.2.15,0
eth,0x2717c6a0029d63e90eb12283507e06bf77a9754d,0.2.16,0
eth,0x8ea26a2bc101bd2fe386b495bde3cfe76164ed1e,0.2.16,0
eth,0xd086c9356a5683192b10d93d4d92d8fcba705692,0.2.7,82854259927935087
eth,0x070a5c8a99002f50c18b52b90e938bc477611b16,0.3.1,0
eth,0x4f8846ae9380b90d2e71d5e3d042dff3e7ebb40d,0.2.15,0
eth,0x528baca578523855a64ee9c276826f934c86a54c,0.2.15,0
eth,0x8fbcb931409d7118949b92c0ed2d692f6bcb3d92,0.2.12,0
eth,0x0e7b7f385dc87e515b44e05233c340d474ea9d7c,0.2.12,0
eth,0xd6681e74eea20d196c15038c580f721ef2ab6320,0.2.12,0
eth,0xf08fa0aea90f9904f0c4853a3225408b5a7d4e7d,0.3.3,0
eth,0x335fde050f435ad5e68f7262481436d6df95a1cf,0.3.3,0
eth,0x2ed5c303f4308c84372adebc39503fc40df5b82a,0.3.1,0
eth,0x4ba4afa8071b0a9fe3097700cdade02dd0e16fd0,0.3.1,0
eth,0xbcbba9f1b479ac12087da21721ac9df22b924535,0.2.16,0
eth,0xc5e55e9cb80232c2ea1a200b93a098447504d297,0.2.8,0
eth,0x8f2db8fbefc24389f09587085d73f80dafc9700a,0.3.1,0
eth,0xa886c732703700efcbd8438768822c8e716cb0ec,0.2.7,40387162174546823
eth,0x4338c897581b498030a6c4b71b144797dfe68bc9,0.3.3,0
eth,0x1b84b58cf281d893212e7cbe5de1377be5fec79d,0.2.7,0
eth,0xadb97f1460efcd83b61c06e91c2dc77d9283140f,0.2.7,0
eth,0xb32860c72f61db7e3c97a8db688ecf38104c43a7,0.2.7,0
eth,0x5c22c615eefbaa896c6e34db8d1e9835ae215832,0.2.8,0
eth,0xd05ad7fb0cdb39aaaa1407564dad0ec78d30d564,0.3.3,0
eth,0x6adb68d8c15954ad673d8f129857b34dc2f08bf2,0.2.16,0
eth,0x7d4ce4c6d2e71d7bed4596f809b81fba0be42258,0.2.4,0
eth,0x37ba59ccca7e0671613b273fca901c64c949f0cf,0.3.3,0
eth,0xf677550fc231990a0a6762ff37196caff00b6075,0.2.7,0
eth,0xdd4c0521aa148fb704f12330c4fa16e631a26d96,0.2.15,0
eth,0x360a2cd32a4a3f5b14b0c66dd42a0e5d2b89ec7f,0.2.16,0
eth,0xb504b6eb06760019801a91b451d3f7bd9f027fc9,0.2.15,0
eth,0x689e03565e36b034eccf12d182c3dc38b2bb7d33,0.2.8,0
eth,0x5d0f47b32fdd343bfa74ce221808e2abe4a53827,0.3.0,0
eth,0x3b6831c0077a1e44ed0a21841c3bc4dc11bce833,0.3.0,0
eth,0x466c8fa3a6cd4625517594786013262a6abd3f96,0.2.16,0
eth,0x75d05190f35567e79012c2f0a02330d3ed8a1f74,0.2.15,0
eth,0x0b2c8fd6110f31f340d3c78a0aef6c568b60695b,0.2.16,0
eth,0x7d6bdb6b49d1381bc026aea9bab1917e9a617fcf,0.2.12,0
eth,0xf7525c6698ceb554ae88e93edce69ad5ef26b793,0.2.12,0
eth,0x92bbf58c2a4514d44343b987d608627eb7d1d24f,0.2.12,0
eth,0xf2cde8c47c20acbffc598217ad5fe6db9e00b163,0.2.16,0
eth,0x67438161883f71255acfbba3c2f1a582780b05cb,0.2.7,0
eth,0x192b5df34671466af016b8af489ba954b9f40ec8,0.3.3,0
eth,0xaa1ba3fd7651ab00bb5fc2b2af1978dd3cb30d9e,0.3.3,0
eth,0x65bf731ca55ac8880cee4af264da8b37d2df3579,0.2.7,0
eth,0xb4be58c893e14d05692a761f7d029a75273f3b04,0.3.3,0
eth,0xb5930805b2f61493f3d1c98948807cfb1223654e,0.2.7,0
eth,0x2857da88a9c6ebf5ba5f5a1235705f660e025d30,0.3.3,0
eth,0x21042b4f048f718e6029d6ca895714949145266b,0.2.16,0
eth,0xac001f750488612bce0cdfac50a85f7e2b032cd5,0.3.3,0
eth,0x5519d8897f14d7bee26983618d754388f2552c0d,0.2.16,0
eth,0xe2c50c15f7d696b1eeca369de6ebc96f9b56f6e2,0.3.3,0
eth,0xf43211935c781d5ca1a41d2041f397b8a7366c7a,0.2.16,0
eth,0x2932a86df44fe8d2a706d8e9c5d51c24883423f5,0.3.1,0
eth,0x1a2ca821fbad93a2fbda648e1cf4531796c797fa,0.2.16,0
eth,0x9b02548de409d7aaee228bfa3ff2bca70e7a2fe8,0.3.1,0
eth,0x9674126ff31e5ece36de0cf03a49351a7c814587,0.3.1,0
eth,0x31f02918630ce0976ad4a70e1d9c4439fc06476a,0.2.7,0
eth,0x0146f3ab76c93d437be7769b001a58efee0e66a3,0.2.7,0
eth,0x94be07d45d57c7973a535c1c517bd79e602e051e,0.3.1,0
eth,0x3abf0be21e5020007b6e2e201e292a7119bc2b0d,0.3.1,0
eth,0x66f5e58d48cf74c28f1fce9e29df104879d97a83,0.3.3,0
eth,0x286f0b0765176c5e31d6ec0c2a18627614b5f0b1,0.3.1,0
eth,0xccf2cf474660fee381794c30555200772374a259,0.2.12,0
eth,0xa504742cefe2f9027328b49c7cffec3d79b5ab1c,0.2.15,0
eth,0x335aa59efa4c8ba8b9ce36de18b19d088b180c21,0.2.8,0
eth,0xc18a4d1ee4a1d91bf9e6373fc1270fe219111785,0.2.8,0
eth,0x37f9fccc5bc4b2d27a41a599237d9dd6ac4d2cd0,0.2.8,0
eth,0xb7fd36eb847c04a144fab717e85b94da1d8c9b4e,0.2.7,486184822382111697809
eth,0x12ac7984bdffbd777df43d7a58b69376c3ead879,0.3.3,0
eth,0x24635f9a99755be4ee83491c578785972f7203b0,0.3.3,0
eth,0x73520107cae43d6345b1dfc2099adc3301b92ae0,0.2.8,0
eth,0xcea4fd89afd94fcf53401c6f70bedb91b831dfe8,0.2.8,0
eth,0x05aaa634a172efb862af2f48e53183595b44207c,0.2.12,0
eth,0xc1ebc662d4a11005f3632648d5fffbc686db20e0,0.3.3,0
eth,0xef181de80ca41298c4031176f8b2c4268e0c9203,0.2.7,0
eth,0xa22380e184696898a4bb845a7edcb58dc6629681,0.2.15,0
eth,0x5ba476927ec72df1b7717c0cc321797d95cb61b6,0.2.8,0
eth,0xb10c27e4370b95c807915f3e64e94717591c106c,0.2.11,0
opt,0x09aec706cb93aac47fec64313c4713b03379aba6,0.3.3,0
opt,0x89287c32c2cac1c76227f6d300b2dbbab6b75c08,0.3.1,0
opt,0xa6c4d501fa36a9d4e904764d871f120e9a929867,0.2.12,0
opt,0x36ca77a3a7bfd2d3b71f3f4830fdff90601d021c,0.2.12,0
opt,0xb7de33440b7171159a9718cbe748086cecdd9685,0.3.0,0
opt,0x4244eb811d6e0ef302326675207a95113db4e1f8,0.2.16,0
opt,0x114c4042b11a2b16f58fe1bfe847589a122f678a,0.3.1,0
opt,0xe8269b33e47761f552e1a3070119560d5fa8bbd6,0.3.1,0
opt,0xd360b73b19fb20ac874633553fb1007e9fcb2b78,0.3.3,0
opt,0xb0ea0a8cabaa2770f213b9c47d5adfba07f7c01c,0.3.3,0
opt,0xa3409548fa8bdcb9e6993e465b53e820675dfeee,0.3.3,0
polygon,0x1689acd208d817b32eeaccce8121278c5766f530,0.2.12,0
polygon,0x3259a958c0609ef258917b19f487478218ec158e,0.2.4,0
polygon,0x2ad1f8d8500c6b886031a20d65d0592fc1e18b26,0.2.8,0
polygon,0xe84ae0321f88349b5f1119464eeb242b7de51a69,0.2.12,0
polygon,0x685c72f0883616f3a79ef1ba3708d87ea10a0f91,0.2.8,0
polygon,0xb3ba58f2a13a36de55e883d0f94864f8bc2f1cbd,0.2.8,0
polygon,0xdf0ed707e1803c8831a32cdf3a550b891e7afa89,0.2.12,0
polygon,0x3c0ebff09d6bb028eed1dd29669c2e3bf98c9d7f,0.2.12,0
polygon,0xf6058a72429bed8d9cdbe9dc8aa83ed3774a5ecd,0.2.12,0
polygon,0x3fcd5de6a9fc8a99995c406c77dda3ed7e406f81,0.2.12,0
polygon,0x751b1e21756bdbc307cbcc5085c042a0e9aaef36,0.2.12,0
polygon,0x4d0cbb3a4c0f8c1eee8fbc3c301cf2a0f1d2e3b6,0.2.12,0
polygon,0x318c93168c56e17a49ac05f23f32d29352373f44,0.2.8,0
polygon,0x0c2153e8ae4db8233c61717cdc4c75630e952561,0.2.12,0
polygon,0xf135af4294a1ca7ad7de0260033418de2cf20696,0.2.12,0
polygon,0xf11887ae47b9578bab1f0f2b8fcfbe428f66cb59,0.2.8,0
polygon,0xb3940551f4bfe0d93411d85e9cf20abf45943200,0.2.12,0
polygon,0xdfd13afd76dd72a04233408e7553bedad9d8615b,0.2.8,0
polygon,0x6d994780fb739d32f910c6c55a0d249be4a8ba49,0.2.12,0
polygon,0xf2644970c66fda251db2453dc1e22fe743479278,0.2.7,0
polygon,0x7d2a88d990c22bfc329142d686a5f91895fd3041,0.2.7,0
polygon,0x4244eb811d6e0ef302326675207a95113db4e1f8,0.2.12,0
polygon,0x0cd5a1e9e19af1f1b910ac3c3452a16b2b37155b,0.2.12,0
polygon,0xc1db00a8e5ef7bfa476395cdbcc98235477cde4e,0.2.12,0
polygon,0x58e57ca18b7a47112b877e31929798cd3d703b0f,0.2.12,0
polygon,0x3fd1a0ae6a996b8f972f0089a4820f05c611ec17,0.2.12,0
polygon,0x939986418bafb4e2d82a76e320767ff02d250203,0.2.12,0
polygon,0x1dab6560494b04473a0be3e7d83cf3fdf3a51828,0.2.12,0
polygon,0x06ce8086965234400fdecab190b115c2c0717047,0.2.12,0
polygon,0xb755b949c126c04e0348dd881a5cf55d424742b2,0.2.12,0
polygon,0xeaa9a0aa43da96bc9e313b46fcee9b4107251efd,0.2.12,0
polygon,0xf974fb0e26084a9b860d3532c06190dfe461d62d,0.2.12,0
polygon,0x1f79e6c4b1424e59dea5418ff73b86fa132df8d6,0.2.8,0
polygon,0x93b14f53528a59e655d8ce39bdba443dcddddc4c,0.2.12,0
polygon,0xf99ad9af0b717bd60551b9d11c69f060cf12030f,0.2.8,0
polygon,0xffbacce0cc7c19d46132f1258fc16cf6871d153c,0.2.12,0
polygon,0x7b88e88d5ae71c4acdab0f42d925a56bc3f67862,0.2.12,0
polygon,0x6c1d6d301595de6ac8db8c439025f6fe56c6dcca,0.2.12,0
polygon,0x4473243a61b5193670d1324872368d015081822f,0.2.12,0
polygon,0xce94d3e5b0d80565d7b713a687b39a3dc81780ba,0.2.12,0
polygon,0xb0a366b987d77b5ed5803cbd95c80bb6deab48c0,0.2.12,0
polygon,0x1a30c9c16351f6e9ecd04e56289e6132c93fd582,0.2.11,0
polygon,0xf7e18ba2e22b36fbd41a267a000fdfe1068292b6,0.2.12,0
polygon,0xd35dd490402b79a155ba71bdaa538c92c7f9395e,0.2.8,0
polygon,0xdaf39f6acdab2cdd661126972873a3326eccdca6,0.2.8,0
polygon,0x488e6ef919c2bb9de535c634a80afb0114da8f62,0.2.12,0
polygon,0x19793b454d3afc7b454f206ffe95ade26ca6912c,0.2.12,0
polygon,0xc2d95eef97ec6c17551d45e77b590dc1f9117c67,0.2.12,0
polygon,0xe89bc681c5cb6a3499e9db97e0ce8558877dd1a4,0.2.12,0
polygon,0x78ebc89ae21370afde5052f3b1569a4a9e444eda,0.2.12,0
polygon,0x1de441ef347c3e7fd512b1662b77b5bc4ac28cc8,0.2.12,0
polygon,0xdbf515d03240acb3c0f7776782a7863b892af709,0.2.12,0
polygon,0x047b60ace13bec75d8a393a7ec8e7c6b83ec9017,0.2.8,0
polygon,0xa8f4e4a691b6543c883d3540e5b8f7cfc95d38c9,0.2.8,0
polygon,0x5f403059994db2b6a0be9e87d4865b65176f16d9,0.2.12,0
polygon,0x46e94e8f342993d23d41f2fc298998570abb8885,0.2.8,0
polygon,0x72ac086a5d7e1221a6d47438c45ed199e9bff423,0.2.12,0
polygon,0x9ece944bbcd320f224293117e2780259411d34a3,0.2.12,0
polygon,0xe7a24ef0c5e95ffb0f6684b813a78f2a3ad7d171,0.2.12,0
polygon,0x445fe580ef8d70ff569ab36e80c647af338db351,0.2.12,0
polygon,0x1337bedc9d22ecbe766df105c9623922a27963ec,0.2.12,0
polygon,0x7f90122bf0700f9e7e1f688fe926940e8839f353,0.2.12,0
polygon,0xe381c25de995d62b453af8b931aac84fccaa7a62,0.2.12,0
polygon,0x93cf0468a1a0fe7c6463b54f11806b351982a2d7,0.2.12,0
polygon,0x38bbe825e7fef40bb7574e26c1598686ce329ed5,0.2.12,0
polygon,0x5454596f9b96ee36ac846bcc66f2cd674abc00f5,0.2.12,0
polygon,0x3a34b4770d7014ad424decba0f45d264882a5503,0.2.12,0
polygon,0xcbc89178c68a634db10f9ce1cf0c85c96aedb2cc,0.2.12,0
polygon,0xf468028828f94ca55671c13e6f61472bd0a7b72a,0.2.12,0
polygon,0xbe7d45c4d9d98398f6ddf6b7db01f44e6db5e234,0.2.12,0
polygon,0x7b6d2263d6f72b27cd459423a312f9dabccf6b62,0.2.12,0
polygon,0xbb7aa2ad42444fc8191630ac40b9794ac866a7dd,0.2.12,0
polygon,0xeede144dd24efd7f01eaba909d8862d7a3ed54f3,0.2.12,0
polygon,0x0000000022d53366457f9d5e68ec105046fc4383,0.2.7,0
polygon,0xbdff0c27dd073c119ebcb1299a68a6a92ae607f0,0.2.12,0
polygon,0xdffd35f857b3c5f06b7439cd014f0f3a171a2149,0.2.12,0
polygon,0x8096ac61db23291252574d49f036f0f9ed8ab390,0.2.12,0
polygon,0x99e8ed28b97c7f1878776ed94ffc77cabfb9b726,0.2.12,0
polygon,0x0b1fb299e8ba940c70e64b1dfc78a542dc55b500,0.2.12,0
polygon,0xf8a57c1d3b9629b77b6726a042ca48990a84fb49,0.2.12,0
polygon,0xeafb3ee25b5a9a1b35f193a4662e3bdba7a95beb,0.2.12,0
polygon,0x77273bda209843f77411004bb81f6a45f9b7b2b6,0.2.12,0
polygon,0xc48f4653dd6a9509de44c92beb0604bea3aee714,0.2.12,0
polygon,0xe0bf7e416e0c681b865c157f3d00b3a7de0a78ad,0.2.12,0
polygon,0xe18bc420a0f71761b0d39a58edb8a13ad02c9a96,0.2.8,0
polygon,0x060e386ecfbacf42aa72171af9efe17b3993fc4f,0.2.12,0
polygon,0xbeadf5163d41ce9a2a38fc09fc69c96582b4bbe7,0.2.12,0
polygon,0xe5053be85e858934a95687f7bd7208523e5b7f61,0.2.8,0
polygon,0x2b7f219d0f574d1bb7893bdddb67e40f4aa8d10d,0.2.12,0
polygon,0xe7b41a2f04070e2e1ca91ae2605f869d0e462025,0.2.8,0
polygon,0xccac4f77f6984c989cc38eded99e1c7a83a9c7f4,0.2.12,0
polygon,0x8e8240e24e605bc2bec4208f0b0f816228552eef,0.2.8,0
polygon,0x579bdceae649e822b80c7a1c7c8ca22d78af9097,0.2.7,0
polygon,0x7eafd3cd937628b9671d5f8b9c823f4aac914808,0.2.11,0
polygon,0x7544fe3d184b6b55d6b36c3fca1157ee0ba30287,0.2.7,0
polygon,0xa237034249290de2b07988ac64b96f22c0e76fe0,0.2.12,0
polygon,0x094d12e5b541784701fd8d65f11fc0598fbc6332,0.2.12,0
polygon,0x4170701404133c05f9f73f95788aa759c0e3fb33,0.2.12,0
polygon,0x59cffdc8cf8b9b71d91da6de480c957993020e8a,0.2.12,0
polygon,0x85386c3ce0679b035a9f8f17f531c076d0b35954,0.2.12,0
polygon,0x6e5feda06f8e35627fe4792281b93708cad52150,0.2.12,0
polygon,0x022b7d04c02ca860b6dc3b306da6c954442cc5ce,0.2.4,0
polygon,0x64217d10b5d7cd1bff7f04dbfb1525ba843f6646,0.2.12,0
polygon,0xf785563e3517cefa3498e9769f57f0ce3f84d0af,0.2.8,0
polygon,0xdec8b513e1570985c8f2ab09529db6b3ee5af240,0.2.12,0
polygon,0x082c2c0f0d8f9184f240d5935eae9b06cea7a644,0.2.12,0
polygon,0xec26bf7c978fc8fb06b395c4a3e7e91ea5948e8d,0.2.8,0
polygon,0xb52d7ed13fff3eb8a668eea4aab334d014ea8c2b,0.2.7,0
polygon,0x2e0e80ceffb4538db864015723a262d50e24159d,0.2.8,0
polygon,0xb5700af97401a720ca0d094097ab0d3d31279ba8,0.2.8,0
polygon,0xcbae8c781a86e8fda98e190bcc95b8690d4544fc,0.2.12,0
fantom,0xc26c7203d6e24161a785801100695dd2af6e78e7,0.2.8,None
fantom,0xab7b0b4df0d821dd3322a33de439bfacb82aa31d,0.2.8,None
fantom,0xd5a2a2d1d35724396bbb547554ad73b52c0f4993,0.2.8,None
fantom,0x2fbff41a9efaeae77538bd63f1ea489494acdc08,0.2.8,None
fantom,0x4f403506156318d7fd23f24eecaceb95ec08aa5c,0.2.7,None
fantom,0xff9646efe8b9718b461b0c63079653ad6b2ec15e,0.2.7,None
fantom,0x0964ef9760bc422e3f1084f166c16a3bf16a1d17,0.2.8,None
fantom,0x1c93a78678f43d92dca5f363172ebd92a106e37f,0.2.8,None
fantom,0x36450d352a5095bef6a9efd1095ec853840e1a0d,0.2.8,None
fantom,0x18cef75c2b032d7060e9cf96f29adf74a9a17ce6,0.2.8,None
fantom,0x1496fb5f73840e4f43913ca8226bcc1f77001d3b,0.2.8,None
fantom,0x430f2f0d652f410a1ded5595ae3d9544be4480fa,0.2.8,None
fantom,0xf258110347c6cb67d48f5d62c1d5a987e20ef72d,0.2.11,None
fantom,0x41679043846d1b16b44fbf6e7fe531390e5bf092,0.2.11,None
fantom,0x637ec617c86d24e421328e6caea1d92114892439,0.2.12,None
fantom,0xf5e4a0e2cff0ed3d3d52f12ed2b0109351e0801b,0.2.7,None
fantom,0x001e3ba199b4ff4b5b6e97acd96dafc0e2e4156e,0.2.16,None
fantom,0x78d51eb71a62c081550efcc0a9f9ea94b2ef081c,0.2.16,None
fantom,0xe6358f6a45b502477e83cc1cda759f540e4459ee,0.2.15,None
fantom,0xad4768f408dd170e62e074188d81a29ae31b8fd8,0.2.15,None
fantom,0x9d7c28226aa7142cbf234ab9aa9c203d095c528b,0.2.15,None
fantom,0xd9acb0baeed77c99305017821167674cc7e82f7a,0.2.15,None
fantom,0xb506498c9e199702658c77dfc1f6b29ed02483bd,0.2.7,None
fantom,0x3a1659ddcf2339be3aea159ca010979fb49155ff,0.2.15,None
fantom,0x4643a6600eae4851677a1f16d5e40ef868c71717,0.2.15,None
fantom,0xc74b17a290d2210db062ccc6626a90c78606d192,0.2.7,None
fantom,0xb4716764390e8f3caf04d7b1dca7302df8a4260f,0.2.7,None
fantom,0x58e57ca18b7a47112b877e31929798cd3d703b0f,0.2.15,None
fantom,0x939986418bafb4e2d82a76e320767ff02d250203,0.2.15,None
fantom,0x553733a84de5e4ee0a3063dac4a5ffdc46216565,0.2.7,None
fantom,0x3d29859b742427065b459dd1c6e7e29b0343425a,0.2.7,None
fantom,0x4559cdab055229aa1ed4f97304e7d49c438c4b1d,0.2.7,None
fantom,0x6c9033b1e3e2477143533cf6242ca9886a3dc132,0.2.7,None
fantom,0x0d2669aa3dffc9462667205fd70f4ab7a5dd1a3c,0.2.7,None
fantom,0xcc2a1dbc6b84d5b49ce1ddf56ef4d6da276fcecb,0.2.16,None
fantom,0xcf897d9c8f9174f08f30084220683948b105d1b1,0.2.16,None
fantom,0x8038c01a0390a8c547446a0b2c18fc9aefecc10c,0.2.16,None
fantom,0x3a664ab939fd8482048609f652f9a0b0677337b9,0.2.16,None
fantom,0x5a8e08b5a7ba633d262582fc9a6b6bce75ce6d0c,0.2.16,None
fantom,0xe339ea095f070d5acbfa1ba43152072ecd510677,0.2.16,None
fantom,0xd1602f68cc7c4c7b59d686243ea35a9c73b0c6a2,0.2.15,None
fantom,0xabe216918ffda43b44e3fc09639fd82fd3527d89,0.2.15,None
fantom,0x775a21e0dfe25af30ff2fcac37512ebd8fd36471,0.2.15,None
fantom,0x61e10659fe3aa93d036d099405224e4ac24996d0,0.2.15,None
fantom,0xc9438d8928486bd9621d326002f4672bf684187a,0.2.16,None
fantom,0x686d67265703d1f124c45e33d47d794c566889ba,0.2.16,None
fantom,0x04e39ef8332e979cf8e4f8891e64934ff65f231b,0.2.16,None
fantom,0x09c62ad0694e3f1ad8cf8876aabe56138c586f5f,0.2.16,None
fantom,0x9fae78c4bbb649deb7b2295ddb8a03ada7eb660f,0.2.16,None
fantom,0x7becf7977e7107c6d5b1c8856842619f17e594f8,0.2.7,None
fantom,0x2b70a5b878665ffdb4a06ba40a264d6c70f68f4b,0.2.16,None
fantom,0xfce359115dfe1533a2458650123f86c454bc0213,0.2.16,None
fantom,0xd19baeadc667cf2015e395f2b08668ef120f41f5,0.2.16,None
fantom,0xd7caf822a90d51957ff7484e8819eddf04a7d792,0.2.8,None
fantom,0xe68d6a002f3f29549f2ca77009c784df49f209e5,0.2.7,None
fantom,0x5bbf1cbe43285966b94fff432b4c6f19b7f41996,0.2.7,None
fantom,0xcf118f288e4ef2127492f54a294dcaf32e456f0d,0.2.16,None
fantom,0x3cabd83bca606768939b843f91df8f4963dbc079,0.2.15,None
fantom,0x7ee25a34c921e4009b726cc6be0643fd6a39dbfe,0.2.15,None
fantom,0x5d58eb45e97b43e471af05cd2b11ceb4106e1b1a,0.2.15,None
fantom,0xb11dc44a9f981faf1669dca6dd40c3cc2554a2ce,0.2.15,None
fantom,0xe8269b33e47761f552e1a3070119560d5fa8bbd6,0.2.12,None
fantom,0x00702bbdead24c40647f235f15971db0867f6bdb,0.2.12,None
fantom,0xfbd834c08b645a887f8b1f5b606bff506e76d1e4,0.2.7,None
fantom,0x011f33ee6ccbe8ef2bcff8cb04df080586475828,0.2.7,None
fantom,0xf430d71384ea0c0be3b051792bc3b2a484b7368b,0.2.7,None
fantom,0x64e10feb3dcd39012f22b9d7963c0331cc7ddcc3,0.2.7,None
fantom,0x322a41bd5c2b2a78ff6308dd8569979313d3afeb,0.2.7,None
fantom,0x260e4fbb13dd91e187ae992c3435d0cf97172316,0.2.12,None
fantom,0x55858adabb9ea24ddd0678db0e9b41d8bd48e7ee,0.2.16,None
fantom,0xd253f011fef6cfa3af72e7f2f80eef6786c8aea7,0.2.7,None
fantom,0x6842e0412ac1c00464dc48961330156a07268d14,0.2.16,None
fantom,0xcdc481031e23aed8cbbe6e07a638298a790d445a,0.2.16,None
bnb,0x8f2d0c79b14846bf4d26611b98016e46341824ba,0.3.1,None
bnb,0x8ba0eb3d8c533dcdfdd487f0d2b92f96969fc837,0.2.7,None
bnb,0x452bfcbb4e56ec5c4ee2af9e610448e672cc66e2,0.2.11,None
bnb,0xdd9227b12596e6f91f31ecd2502856a5df5f6e25,0.3.1,None
bnb,0xedbb3f63c0901ba500e4525da0c2cbd27ac8ffdc,0.2.16,None
bnb,0xf38205cd60012ecda0d4bae97b5a51fa7ffab9da,0.2.11,None
bnb,0xe32eb7680bad225c87e62640610459a3436860dc,0.3.0,None
bnb,0x266bb386252347b03c7b6eb37f950f476d7c3e63,0.3.1,None
bnb,0x31d236483a15f9b9dd60b36d4013d75e9dbf852b,0.3.1,None
bnb,0x7203d1cc5614b91f368b5c85c8cddf040255cfd0,0.2.12,None
bnb,0xd2b67964ab2a41416e93a0ab1d945a1aa28e1e0c,0.2.12,None
bnb,0xc377e2648e5add3f1cb51a8b77dbeb63bd52c874,0.2.16,None
bnb,0x7d9c61d5c22c970b7a2ef1884e46163c5abaae5f,0.2.11,None
bnb,0xc3e71b5c801dccc927ed6e98c134ac9ce5d7bb6e,0.2.16,None
bnb,0x731b3e46f25b871bdb30fe244e492103a17a56e9,0.2.16,None
bnb,0xab499095961516f058245c1395f9c0410764b6cd,0.3.1,None
bnb,0x6f58a73c3f9a31c3beda5577072e352c75f78a73,0.2.16,None
bnb,0xda7b84d94f02efc0c837d152077e4244f13a013e,0.2.8,None
bnb,0xa0fdc7fcf5223f4f9edaed78b206d53919a4916d,0.3.1,None
bnb,0x7de882359152bd9db83ce3f098e5c72dcebc9e03,0.3.0,None
bnb,0xb8383286d7b5dbed7362ac7a35adba9da9e1b442,0.3.0,None
bnb,0x4763e5ad014f84c4b87e048f24ba490720f1eecb,0.3.0,None
bnb,0xba7faaa8c552442ef86d84bfb7086ba4aad27a49,0.3.0,None
bnb,0x958c8b3f74c79b60378b057292a35da77acf3d96,0.3.0,None
bnb,0xa6f532d5c580976c05a9ff346a7822b161bb3397,0.3.0,None
bnb,0x38b28b191641fd51e2f7a5819b899d9e4e809ac7,0.2.7,None
bnb,0x85fdc3ca0578e2bc6a358a45c449c92bea274fa5,0.3.1,None
bnb,0xebd7d5cbbfb7d37162bf119d96bd5ecdf803bc17,0.2.8,None
bnb,0x72b7c17a5b427b59e8b6e8b21c46aa0fd930ed01,0.3.1,None
bnb,0x0e31d38e9001c13170f9d291d1c0db6a163ac904,0.3.1,None
bnb,0x22502baac8ee61f3afe41b8139866fb965ce3c36,0.2.11,None
bnb,0x0ed80d31ddf50187e351481f375a70b0993f129a,0.2.12,None
bnb,0x6913af8034ebc19d365f27548f7aa84cb0fcf830,0.2.7,None
bnb,0x1f867c86c27c5c1644f2a51c5a310340aa8d24b9,0.3.1,None
bnb,0xdfab44f9631cc11258df110e8cf4a3665b39f2b8,0.2.7,None
bnb,0x41861fbd82fadb844c69a36971f0c1a851943846,0.2.16,None
bnb,0x2d263c2b0872212ef6fd25b12902a3f0c4efb343,0.3.1,None
bnb,0xc214501e18606c85b0ff20848a0102416fe186c9,0.3.1,None
bnb,0xde14f21da488ae2ad8730e002c967bb6cb78db21,0.2.16,None
bnb,0x19ec9e3f7b21dd27598e7ad5aae7dc0db00a806d,0.3.1,None
bnb,0xfa715e7c8fa704cf425dd7769f4a77b81420fbf2,0.3.1,None
bnb,0xd6c238afddaef003acedba02b63d06904b4b309d,0.2.16,None
bnb,0xb107ad9cf74f7e23d58147bce3d9a7069a460cf3,0.2.4,None
bnb,0x972df002c8bf1141306a5943329d41d24d541fff,0.3.1,None
bnb,0xec8375ff0d63b0f1b4193b726771abf2094a16c7,0.2.7,None
bnb,0xe9c648544c95b74203fd5e1af1d9fb41bcaf45d4,0.3.0,None
bnb,0x245e8bb5427822fb8fd6ce062d8dd853fbcfabf5,0.3.1,None
bnb,0xeb95529c3ac3f62bd40cdf2a62beb7edb98e12fa,0.2.16,None
bnb,0x313bbb9379ba23883db312936c8297386b8ce28c,0.3.0,None
bnb,0x39467805c83b5d598e70ab64ff2e3d66225a3ccb,0.3.0,None
bnb,0xea0cbeb9e0083e9d7b920019d0bfdb39b37d3e2f,0.3.0,None
bnb,0x1d9579f00674bd00eb801ecc3f4bf5b5fe2a4783,0.2.7,None
bnb,0xea55a3546a6c75864e77da6e3df8f0571cd33211,0.3.0,None
bnb,0x1d2df8f3c8e457bc42425263da022c3082aa3a78,0.2.7,None
bnb,0xced7db756ff2807800fb9638d3354112bd29691b,0.3.0,None
bnb,0x5035cc9988f88f99cdef210d833957a80236c0a4,0.2.16,None
bnb,0x30e6c8b82833c32090e9159229385b092e3889a3,0.2.4,None
bnb,0xf65bed27e96a367c61e0e06c54e14b16b84a5870,0.3.0,None
bnb,0xf9ac2eec08faac28cd8d7621edb6cfbcc749eb3f,0.3.0,None
bnb,0x081c55a5c9d078d6162de730459c75840cc7071d,0.3.0,None
bnb,0xd78f341b9c6f56a01bc9ab5cfa3c49ea6e15775b,0.3.0,None
bnb,0x9e80f1f6e1297bf6916ab6dad2ed4780797da648,0.3.0,None
bnb,0xdb900f2c53077459e2e472fe359521e7fa1fe0f3,0.3.0,None
bnb,0x1583e54eb3a3f0dc19058f0c4950784a4c4e5727,0.3.1,None
bnb,0x707e833679e0d74d653f30c826f9dc4e6a91e7c0,0.3.1,None
bnb,0xc56ebb7f24a2a1b97b60f94674c7234b57f501a6,0.2.16,None
bnb,0x33bb981025f0f90b16257c7999ff4b87dd1bfe77,0.2.16,None
bnb,0x7b834ac16f58fd2d2929fc985ae31bd5c9db6296,0.3.0,None
bnb,0x32db028640cb1278f4e58bb0eb3846c7162a83cd,0.3.0,None
bnb,0x9167b72fbd1241d2c3c991a7940eba98221e28f4,0.2.12,None
bnb,0xf1cf374d887cc3f8319a222c7ab2f6e5133670e6,0.3.1,None
bnb,0x139038d9c7e5fe8de0b09f068366cfc5bcc812a0,0.3.1,None
bnb,0x8385063df446d66026b86b4b7f1ab01e5e06eef3,0.3.1,None
bnb,0x269782e396a17c0b3de2f79a56a87347af20bbcb,0.3.1,None
bnb,0x46496a89d0c910924a955b99a5c08846cf8f3aa0,0.2.16,None
bnb,0xba237c65e375c02ad60fd6bcbd54fff63a0f3b9f,0.2.16,None
bnb,0xb15bb89ed07d2949dfee504523a6a12f90117d18,0.3.1,None
bnb,0x570df327dc60f754d0f8db3b93a21e4dfbdbc54a,0.3.1,None
bnb,0x9ae136d2ffd9446438f94bfcb07bd23bd77dc257,0.2.16,None
bnb,0xaf76eded1181a9d4d68034106ed60e4087053070,0.2.16,None
bnb,0xdd9ee98927f2132ab64348d2ca05a0564d46635d,0.2.12,None
bnb,0x27b3b6eed9730165ae268cf2db08852df026c44d,0.2.16,None
bnb,0xef62c18b19d902960b3b6fa063715734cdcbd72a,0.2.12,None
bnb,0xc0d639b42c6781fe6a76bf93566d1ed160b0a21a,0.2.16,None
bnb,0x961ea6a571d8448c25b48a156bdfa3d72025476d,0.2.8,None
bnb,0x6e7dff00b6be84403da78fe89852b531cdf2792c,0.2.12,None
bnb,0x608910a135f12178f7ef6c25a5ffa5556207624b,0.2.8,None
bnb,0xa6e169674c4176a3bdaa8f24b51113ad3c3b6504,0.2.4,None
